,path,label
0,./data/Training/notumor/Tr-no_0482.jpg,notumor
1,./data/Training/notumor/Tr-no_0641.jpg,notumor
2,./data/Training/notumor/Tr-no_0592.jpg,notumor
3,./data/Training/notumor/Tr-no_0711.jpg,notumor
4,./data/Training/notumor/Tr-no_0746.jpg,notumor
5,./data/Training/notumor/Tr-no_0477.jpg,notumor
6,./data/Training/notumor/Tr-no_0234.jpg,notumor
7,./data/Training/notumor/Tr-no_0953.jpg,notumor
8,./data/Training/notumor/Tr-no_0876.jpg,notumor
9,./data/Training/notumor/Tr-no_0936.jpg,notumor
10,./data/Training/notumor/Tr-no_1240.jpg,notumor
11,./data/Training/notumor/Tr-no_0290.jpg,notumor
12,./data/Training/notumor/Tr-no_0841.jpg,notumor
13,./data/Training/notumor/Tr-no_0168.jpg,notumor
14,./data/Training/notumor/Tr-no_0443.jpg,notumor
15,./data/Training/notumor/Tr-no_1022.jpg,notumor
16,./data/Training/notumor/Tr-no_1501.jpg,notumor
17,./data/Training/notumor/Tr-no_0773.jpg,notumor
18,./data/Training/notumor/Tr-no_0127.jpg,notumor
19,./data/Training/notumor/Tr-no_0837.jpg,notumor
20,./data/Training/notumor/Tr-no_0890.jpg,notumor
21,./data/Training/notumor/Tr-no_0011.jpg,notumor
22,./data/Training/notumor/Tr-no_0948.jpg,notumor
23,./data/Training/notumor/Tr-no_1040.jpg,notumor
24,./data/Training/notumor/Tr-no_1387.jpg,notumor
25,./data/Training/notumor/Tr-no_1327.jpg,notumor
26,./data/Training/notumor/Tr-no_0513.jpg,notumor
27,./data/Training/notumor/Tr-no_0158.jpg,notumor
28,./data/Training/notumor/Tr-no_0301.jpg,notumor
29,./data/Training/notumor/Tr-no_1335.jpg,notumor
30,./data/Training/notumor/Tr-no_0715.jpg,notumor
31,./data/Training/notumor/Tr-no_0912.jpg,notumor
32,./data/Training/notumor/Tr-no_0768.jpg,notumor
33,./data/Training/notumor/Tr-no_1452.jpg,notumor
34,./data/Training/notumor/Tr-no_1038.jpg,notumor
35,./data/Training/notumor/Tr-no_0012.jpg,notumor
36,./data/Training/notumor/Tr-no_0243.jpg,notumor
37,./data/Training/notumor/Tr-no_0572.jpg,notumor
38,./data/Training/notumor/Tr-no_0272.jpg,notumor
39,./data/Training/notumor/Tr-no_0282.jpg,notumor
40,./data/Training/notumor/Tr-no_0526.jpg,notumor
41,./data/Training/notumor/Tr-no_1012.jpg,notumor
42,./data/Training/notumor/Tr-no_0892.jpg,notumor
43,./data/Training/notumor/Tr-no_1203.jpg,notumor
44,./data/Training/notumor/Tr-no_0708.jpg,notumor
45,./data/Training/notumor/Tr-no_0692.jpg,notumor
46,./data/Training/notumor/Tr-no_0418.jpg,notumor
47,./data/Training/notumor/Tr-no_0118.jpg,notumor
48,./data/Training/notumor/Tr-no_1545.jpg,notumor
49,./data/Training/notumor/Tr-no_0166.jpg,notumor
50,./data/Training/notumor/Tr-no_0264.jpg,notumor
51,./data/Training/notumor/Tr-no_0997.jpg,notumor
52,./data/Training/notumor/Tr-no_1081.jpg,notumor
53,./data/Training/notumor/Tr-no_0793.jpg,notumor
54,./data/Training/notumor/Tr-no_0858.jpg,notumor
55,./data/Training/notumor/Tr-no_0034.jpg,notumor
56,./data/Training/notumor/Tr-no_1073.jpg,notumor
57,./data/Training/notumor/Tr-no_1594.jpg,notumor
58,./data/Training/notumor/Tr-no_1168.jpg,notumor
59,./data/Training/notumor/Tr-no_0870.jpg,notumor
60,./data/Training/notumor/Tr-no_0142.jpg,notumor
61,./data/Training/notumor/Tr-no_1409.jpg,notumor
62,./data/Training/notumor/Tr-no_0977.jpg,notumor
63,./data/Training/notumor/Tr-no_0457.jpg,notumor
64,./data/Training/notumor/Tr-no_0195.jpg,notumor
65,./data/Training/notumor/Tr-noTr_0001.jpg,notumor
66,./data/Training/notumor/Tr-no_0555.jpg,notumor
67,./data/Training/notumor/Tr-no_1321.jpg,notumor
68,./data/Training/notumor/Tr-no_1511.jpg,notumor
69,./data/Training/notumor/Tr-no_1592.jpg,notumor
70,./data/Training/notumor/Tr-no_0248.jpg,notumor
71,./data/Training/notumor/Tr-no_0590.jpg,notumor
72,./data/Training/notumor/Tr-no_1253.jpg,notumor
73,./data/Training/notumor/Tr-no_0713.jpg,notumor
74,./data/Training/notumor/Tr-no_0054.jpg,notumor
75,./data/Training/notumor/Tr-no_0598.jpg,notumor
76,./data/Training/notumor/Tr-no_0220.jpg,notumor
77,./data/Training/notumor/Tr-no_1265.jpg,notumor
78,./data/Training/notumor/Tr-no_0872.jpg,notumor
79,./data/Training/notumor/Tr-no_1197.jpg,notumor
80,./data/Training/notumor/Tr-no_0472.jpg,notumor
81,./data/Training/notumor/Tr-no_1185.jpg,notumor
82,./data/Training/notumor/Tr-no_1480.jpg,notumor
83,./data/Training/notumor/Tr-no_0207.jpg,notumor
84,./data/Training/notumor/Tr-no_1311.jpg,notumor
85,./data/Training/notumor/Tr-no_1030.jpg,notumor
86,./data/Training/notumor/Tr-no_1533.jpg,notumor
87,./data/Training/notumor/Tr-no_0016.jpg,notumor
88,./data/Training/notumor/Tr-no_0762.jpg,notumor
89,./data/Training/notumor/Tr-no_0148.jpg,notumor
90,./data/Training/notumor/Tr-no_0048.jpg,notumor
91,./data/Training/notumor/Tr-no_0541.jpg,notumor
92,./data/Training/notumor/Tr-no_1518.jpg,notumor
93,./data/Training/notumor/Tr-no_0537.jpg,notumor
94,./data/Training/notumor/Tr-no_0474.jpg,notumor
95,./data/Training/notumor/Tr-no_1588.jpg,notumor
96,./data/Training/notumor/Tr-noTr_0004.jpg,notumor
97,./data/Training/notumor/Tr-no_0174.jpg,notumor
98,./data/Training/notumor/Tr-no_1075.jpg,notumor
99,./data/Training/notumor/Tr-no_0717.jpg,notumor
100,./data/Training/notumor/Tr-no_1455.jpg,notumor
101,./data/Training/notumor/Tr-no_1284.jpg,notumor
102,./data/Training/notumor/Tr-no_0834.jpg,notumor
103,./data/Training/notumor/Tr-no_1407.jpg,notumor
104,./data/Training/notumor/Tr-no_1077.jpg,notumor
105,./data/Training/notumor/Tr-no_0824.jpg,notumor
106,./data/Training/notumor/Tr-no_0728.jpg,notumor
107,./data/Training/notumor/Tr-no_1183.jpg,notumor
108,./data/Training/notumor/Tr-no_0565.jpg,notumor
109,./data/Training/notumor/Tr-no_0307.jpg,notumor
110,./data/Training/notumor/Tr-no_1474.jpg,notumor
111,./data/Training/notumor/Tr-no_0469.jpg,notumor
112,./data/Training/notumor/Tr-no_0508.jpg,notumor
113,./data/Training/notumor/Tr-no_1553.jpg,notumor
114,./data/Training/notumor/Tr-no_0320.jpg,notumor
115,./data/Training/notumor/Tr-no_0190.jpg,notumor
116,./data/Training/notumor/Tr-no_0499.jpg,notumor
117,./data/Training/notumor/Tr-no_0862.jpg,notumor
118,./data/Training/notumor/Tr-no_1215.jpg,notumor
119,./data/Training/notumor/Tr-noTr_0006.jpg,notumor
120,./data/Training/notumor/Tr-no_1110.jpg,notumor
121,./data/Training/notumor/Tr-no_1383.jpg,notumor
122,./data/Training/notumor/Tr-no_0411.jpg,notumor
123,./data/Training/notumor/Tr-no_0429.jpg,notumor
124,./data/Training/notumor/Tr-no_0129.jpg,notumor
125,./data/Training/notumor/Tr-no_0045.jpg,notumor
126,./data/Training/notumor/Tr-no_0313.jpg,notumor
127,./data/Training/notumor/Tr-no_0894.jpg,notumor
128,./data/Training/notumor/Tr-no_0102.jpg,notumor
129,./data/Training/notumor/Tr-no_1041.jpg,notumor
130,./data/Training/notumor/Tr-no_0915.jpg,notumor
131,./data/Training/notumor/Tr-no_1180.jpg,notumor
132,./data/Training/notumor/Tr-no_0061.jpg,notumor
133,./data/Training/notumor/Tr-no_1483.jpg,notumor
134,./data/Training/notumor/Tr-no_0082.jpg,notumor
135,./data/Training/notumor/Tr-no_0788.jpg,notumor
136,./data/Training/notumor/Tr-no_0230.jpg,notumor
137,./data/Training/notumor/Tr-no_0096.jpg,notumor
138,./data/Training/notumor/Tr-no_0640.jpg,notumor
139,./data/Training/notumor/Tr-no_1307.jpg,notumor
140,./data/Training/notumor/Tr-no_0942.jpg,notumor
141,./data/Training/notumor/Tr-no_0995.jpg,notumor
142,./data/Training/notumor/Tr-no_1582.jpg,notumor
143,./data/Training/notumor/Tr-no_0539.jpg,notumor
144,./data/Training/notumor/Tr-no_1096.jpg,notumor
145,./data/Training/notumor/Tr-no_0726.jpg,notumor
146,./data/Training/notumor/Tr-no_0985.jpg,notumor
147,./data/Training/notumor/Tr-no_0083.jpg,notumor
148,./data/Training/notumor/Tr-no_1565.jpg,notumor
149,./data/Training/notumor/Tr-no_0992.jpg,notumor
150,./data/Training/notumor/Tr-no_0117.jpg,notumor
151,./data/Training/notumor/Tr-no_0901.jpg,notumor
152,./data/Training/notumor/Tr-no_0211.jpg,notumor
153,./data/Training/notumor/Tr-no_0066.jpg,notumor
154,./data/Training/notumor/Tr-no_1031.jpg,notumor
155,./data/Training/notumor/Tr-no_1441.jpg,notumor
156,./data/Training/notumor/Tr-no_1104.jpg,notumor
157,./data/Training/notumor/Tr-no_0897.jpg,notumor
158,./data/Training/notumor/Tr-no_0103.jpg,notumor
159,./data/Training/notumor/Tr-no_1305.jpg,notumor
160,./data/Training/notumor/Tr-no_0662.jpg,notumor
161,./data/Training/notumor/Tr-no_1046.jpg,notumor
162,./data/Training/notumor/Tr-no_0481.jpg,notumor
163,./data/Training/notumor/Tr-no_0880.jpg,notumor
164,./data/Training/notumor/Tr-no_1398.jpg,notumor
165,./data/Training/notumor/Tr-no_0681.jpg,notumor
166,./data/Training/notumor/Tr-no_0851.jpg,notumor
167,./data/Training/notumor/Tr-no_1009.jpg,notumor
168,./data/Training/notumor/Tr-no_0677.jpg,notumor
169,./data/Training/notumor/Tr-no_0604.jpg,notumor
170,./data/Training/notumor/Tr-no_0814.jpg,notumor
171,./data/Training/notumor/Tr-no_1115.jpg,notumor
172,./data/Training/notumor/Tr-no_0502.jpg,notumor
173,./data/Training/notumor/Tr-no_0962.jpg,notumor
174,./data/Training/notumor/Tr-no_1178.jpg,notumor
175,./data/Training/notumor/Tr-no_0647.jpg,notumor
176,./data/Training/notumor/Tr-no_1583.jpg,notumor
177,./data/Training/notumor/Tr-no_0808.jpg,notumor
178,./data/Training/notumor/Tr-no_0636.jpg,notumor
179,./data/Training/notumor/Tr-no_0909.jpg,notumor
180,./data/Training/notumor/Tr-no_0613.jpg,notumor
181,./data/Training/notumor/Tr-no_0638.jpg,notumor
182,./data/Training/notumor/Tr-no_1044.jpg,notumor
183,./data/Training/notumor/Tr-no_0840.jpg,notumor
184,./data/Training/notumor/Tr-no_1057.jpg,notumor
185,./data/Training/notumor/Tr-noTr_0000.jpg,notumor
186,./data/Training/notumor/Tr-no_0341.jpg,notumor
187,./data/Training/notumor/Tr-no_0825.jpg,notumor
188,./data/Training/notumor/Tr-no_0857.jpg,notumor
189,./data/Training/notumor/Tr-no_1547.jpg,notumor
190,./data/Training/notumor/Tr-no_0390.jpg,notumor
191,./data/Training/notumor/Tr-no_0281.jpg,notumor
192,./data/Training/notumor/Tr-no_0407.jpg,notumor
193,./data/Training/notumor/Tr-no_1161.jpg,notumor
194,./data/Training/notumor/Tr-no_1132.jpg,notumor
195,./data/Training/notumor/Tr-no_1530.jpg,notumor
196,./data/Training/notumor/Tr-no_0369.jpg,notumor
197,./data/Training/notumor/Tr-no_0039.jpg,notumor
198,./data/Training/notumor/Tr-no_1021.jpg,notumor
199,./data/Training/notumor/Tr-no_1329.jpg,notumor
200,./data/Training/notumor/Tr-no_0593.jpg,notumor
201,./data/Training/notumor/Tr-no_0792.jpg,notumor
202,./data/Training/notumor/Tr-no_1123.jpg,notumor
203,./data/Training/notumor/Tr-no_1412.jpg,notumor
204,./data/Training/notumor/Tr-no_0984.jpg,notumor
205,./data/Training/notumor/Tr-no_0642.jpg,notumor
206,./data/Training/notumor/Tr-no_1471.jpg,notumor
207,./data/Training/notumor/Tr-no_0568.jpg,notumor
208,./data/Training/notumor/Tr-no_0337.jpg,notumor
209,./data/Training/notumor/Tr-no_0753.jpg,notumor
210,./data/Training/notumor/Tr-no_0515.jpg,notumor
211,./data/Training/notumor/Tr-no_1156.jpg,notumor
212,./data/Training/notumor/Tr-no_0471.jpg,notumor
213,./data/Training/notumor/Tr-no_0162.jpg,notumor
214,./data/Training/notumor/Tr-no_0794.jpg,notumor
215,./data/Training/notumor/Tr-no_1365.jpg,notumor
216,./data/Training/notumor/Tr-no_1118.jpg,notumor
217,./data/Training/notumor/Tr-no_1482.jpg,notumor
218,./data/Training/notumor/Tr-no_0317.jpg,notumor
219,./data/Training/notumor/Tr-no_0254.jpg,notumor
220,./data/Training/notumor/Tr-no_0734.jpg,notumor
221,./data/Training/notumor/Tr-no_1052.jpg,notumor
222,./data/Training/notumor/Tr-no_0812.jpg,notumor
223,./data/Training/notumor/Tr-no_0417.jpg,notumor
224,./data/Training/notumor/Tr-no_0988.jpg,notumor
225,./data/Training/notumor/Tr-no_0703.jpg,notumor
226,./data/Training/notumor/Tr-no_1574.jpg,notumor
227,./data/Training/notumor/Tr-no_0324.jpg,notumor
228,./data/Training/notumor/Tr-no_1369.jpg,notumor
229,./data/Training/notumor/Tr-no_1186.jpg,notumor
230,./data/Training/notumor/Tr-no_0744.jpg,notumor
231,./data/Training/notumor/Tr-no_0078.jpg,notumor
232,./data/Training/notumor/Tr-no_0830.jpg,notumor
233,./data/Training/notumor/Tr-no_0403.jpg,notumor
234,./data/Training/notumor/Tr-no_0050.jpg,notumor
235,./data/Training/notumor/Tr-no_1408.jpg,notumor
236,./data/Training/notumor/Tr-no_0202.jpg,notumor
237,./data/Training/notumor/Tr-no_1587.jpg,notumor
238,./data/Training/notumor/Tr-no_0460.jpg,notumor
239,./data/Training/notumor/Tr-no_0266.jpg,notumor
240,./data/Training/notumor/Tr-no_0340.jpg,notumor
241,./data/Training/notumor/Tr-no_0463.jpg,notumor
242,./data/Training/notumor/Tr-no_0436.jpg,notumor
243,./data/Training/notumor/Tr-no_0294.jpg,notumor
244,./data/Training/notumor/Tr-no_1561.jpg,notumor
245,./data/Training/notumor/Tr-no_1414.jpg,notumor
246,./data/Training/notumor/Tr-no_1319.jpg,notumor
247,./data/Training/notumor/Tr-no_0122.jpg,notumor
248,./data/Training/notumor/Tr-no_1188.jpg,notumor
249,./data/Training/notumor/Tr-no_0561.jpg,notumor
250,./data/Training/notumor/Tr-no_0288.jpg,notumor
251,./data/Training/notumor/Tr-no_1211.jpg,notumor
252,./data/Training/notumor/Tr-no_0442.jpg,notumor
253,./data/Training/notumor/Tr-no_0553.jpg,notumor
254,./data/Training/notumor/Tr-no_0146.jpg,notumor
255,./data/Training/notumor/Tr-no_0534.jpg,notumor
256,./data/Training/notumor/Tr-no_1175.jpg,notumor
257,./data/Training/notumor/Tr-no_0052.jpg,notumor
258,./data/Training/notumor/Tr-no_0368.jpg,notumor
259,./data/Training/notumor/Tr-no_0292.jpg,notumor
260,./data/Training/notumor/Tr-no_0969.jpg,notumor
261,./data/Training/notumor/Tr-no_0263.jpg,notumor
262,./data/Training/notumor/Tr-no_0597.jpg,notumor
263,./data/Training/notumor/Tr-no_0310.jpg,notumor
264,./data/Training/notumor/Tr-no_1224.jpg,notumor
265,./data/Training/notumor/Tr-no_0073.jpg,notumor
266,./data/Training/notumor/Tr-no_1142.jpg,notumor
267,./data/Training/notumor/Tr-no_0370.jpg,notumor
268,./data/Training/notumor/Tr-no_1226.jpg,notumor
269,./data/Training/notumor/Tr-no_1550.jpg,notumor
270,./data/Training/notumor/Tr-no_0014.jpg,notumor
271,./data/Training/notumor/Tr-no_1135.jpg,notumor
272,./data/Training/notumor/Tr-no_0376.jpg,notumor
273,./data/Training/notumor/Tr-no_1139.jpg,notumor
274,./data/Training/notumor/Tr-no_0624.jpg,notumor
275,./data/Training/notumor/Tr-no_1214.jpg,notumor
276,./data/Training/notumor/Tr-no_0538.jpg,notumor
277,./data/Training/notumor/Tr-no_1087.jpg,notumor
278,./data/Training/notumor/Tr-no_0871.jpg,notumor
279,./data/Training/notumor/Tr-no_0660.jpg,notumor
280,./data/Training/notumor/Tr-no_0648.jpg,notumor
281,./data/Training/notumor/Tr-no_0430.jpg,notumor
282,./data/Training/notumor/Tr-no_0804.jpg,notumor
283,./data/Training/notumor/Tr-no_1258.jpg,notumor
284,./data/Training/notumor/Tr-no_0171.jpg,notumor
285,./data/Training/notumor/Tr-no_1202.jpg,notumor
286,./data/Training/notumor/Tr-no_1457.jpg,notumor
287,./data/Training/notumor/Tr-no_1357.jpg,notumor
288,./data/Training/notumor/Tr-no_0434.jpg,notumor
289,./data/Training/notumor/Tr-no_0698.jpg,notumor
290,./data/Training/notumor/Tr-no_0303.jpg,notumor
291,./data/Training/notumor/Tr-no_0187.jpg,notumor
292,./data/Training/notumor/Tr-no_0183.jpg,notumor
293,./data/Training/notumor/Tr-no_1304.jpg,notumor
294,./data/Training/notumor/Tr-no_0359.jpg,notumor
295,./data/Training/notumor/Tr-no_0165.jpg,notumor
296,./data/Training/notumor/Tr-no_1092.jpg,notumor
297,./data/Training/notumor/Tr-no_1493.jpg,notumor
298,./data/Training/notumor/Tr-no_1121.jpg,notumor
299,./data/Training/notumor/Tr-no_0756.jpg,notumor
300,./data/Training/notumor/Tr-no_1527.jpg,notumor
301,./data/Training/notumor/Tr-no_0821.jpg,notumor
302,./data/Training/notumor/Tr-no_0295.jpg,notumor
303,./data/Training/notumor/Tr-no_0587.jpg,notumor
304,./data/Training/notumor/Tr-no_0458.jpg,notumor
305,./data/Training/notumor/Tr-no_1376.jpg,notumor
306,./data/Training/notumor/Tr-no_0557.jpg,notumor
307,./data/Training/notumor/Tr-no_0535.jpg,notumor
308,./data/Training/notumor/Tr-no_0025.jpg,notumor
309,./data/Training/notumor/Tr-no_1537.jpg,notumor
310,./data/Training/notumor/Tr-no_1286.jpg,notumor
311,./data/Training/notumor/Tr-no_0688.jpg,notumor
312,./data/Training/notumor/Tr-no_0657.jpg,notumor
313,./data/Training/notumor/Tr-no_0623.jpg,notumor
314,./data/Training/notumor/Tr-no_0706.jpg,notumor
315,./data/Training/notumor/Tr-no_0431.jpg,notumor
316,./data/Training/notumor/Tr-no_0155.jpg,notumor
317,./data/Training/notumor/Tr-no_0818.jpg,notumor
318,./data/Training/notumor/Tr-no_1196.jpg,notumor
319,./data/Training/notumor/Tr-no_1492.jpg,notumor
320,./data/Training/notumor/Tr-no_1559.jpg,notumor
321,./data/Training/notumor/Tr-no_0823.jpg,notumor
322,./data/Training/notumor/Tr-no_0665.jpg,notumor
323,./data/Training/notumor/Tr-no_1415.jpg,notumor
324,./data/Training/notumor/Tr-no_1217.jpg,notumor
325,./data/Training/notumor/Tr-no_1463.jpg,notumor
326,./data/Training/notumor/Tr-no_1373.jpg,notumor
327,./data/Training/notumor/Tr-no_0849.jpg,notumor
328,./data/Training/notumor/Tr-no_0225.jpg,notumor
329,./data/Training/notumor/Tr-no_1296.jpg,notumor
330,./data/Training/notumor/Tr-no_1313.jpg,notumor
331,./data/Training/notumor/Tr-no_0107.jpg,notumor
332,./data/Training/notumor/Tr-no_0361.jpg,notumor
333,./data/Training/notumor/Tr-no_1416.jpg,notumor
334,./data/Training/notumor/Tr-no_0193.jpg,notumor
335,./data/Training/notumor/Tr-no_1165.jpg,notumor
336,./data/Training/notumor/Tr-no_1085.jpg,notumor
337,./data/Training/notumor/Tr-no_1195.jpg,notumor
338,./data/Training/notumor/Tr-no_1143.jpg,notumor
339,./data/Training/notumor/Tr-no_0828.jpg,notumor
340,./data/Training/notumor/Tr-no_1430.jpg,notumor
341,./data/Training/notumor/Tr-no_1465.jpg,notumor
342,./data/Training/notumor/Tr-no_0453.jpg,notumor
343,./data/Training/notumor/Tr-no_0815.jpg,notumor
344,./data/Training/notumor/Tr-no_0983.jpg,notumor
345,./data/Training/notumor/Tr-no_1097.jpg,notumor
346,./data/Training/notumor/Tr-no_0602.jpg,notumor
347,./data/Training/notumor/Tr-no_1360.jpg,notumor
348,./data/Training/notumor/Tr-no_0684.jpg,notumor
349,./data/Training/notumor/Tr-no_0617.jpg,notumor
350,./data/Training/notumor/Tr-no_0588.jpg,notumor
351,./data/Training/notumor/Tr-no_1470.jpg,notumor
352,./data/Training/notumor/Tr-no_0530.jpg,notumor
353,./data/Training/notumor/Tr-no_0222.jpg,notumor
354,./data/Training/notumor/Tr-no_0971.jpg,notumor
355,./data/Training/notumor/Tr-no_0311.jpg,notumor
356,./data/Training/notumor/Tr-no_0945.jpg,notumor
357,./data/Training/notumor/Tr-no_0247.jpg,notumor
358,./data/Training/notumor/Tr-no_0365.jpg,notumor
359,./data/Training/notumor/Tr-no_0464.jpg,notumor
360,./data/Training/notumor/Tr-no_0466.jpg,notumor
361,./data/Training/notumor/Tr-no_1033.jpg,notumor
362,./data/Training/notumor/Tr-no_1251.jpg,notumor
363,./data/Training/notumor/Tr-no_0578.jpg,notumor
364,./data/Training/notumor/Tr-no_0284.jpg,notumor
365,./data/Training/notumor/Tr-no_0921.jpg,notumor
366,./data/Training/notumor/Tr-no_0864.jpg,notumor
367,./data/Training/notumor/Tr-no_1505.jpg,notumor
368,./data/Training/notumor/Tr-no_0256.jpg,notumor
369,./data/Training/notumor/Tr-no_0040.jpg,notumor
370,./data/Training/notumor/Tr-no_1270.jpg,notumor
371,./data/Training/notumor/Tr-no_1176.jpg,notumor
372,./data/Training/notumor/Tr-no_1066.jpg,notumor
373,./data/Training/notumor/Tr-no_1036.jpg,notumor
374,./data/Training/notumor/Tr-no_1388.jpg,notumor
375,./data/Training/notumor/Tr-no_1341.jpg,notumor
376,./data/Training/notumor/Tr-no_0036.jpg,notumor
377,./data/Training/notumor/Tr-no_0832.jpg,notumor
378,./data/Training/notumor/Tr-no_1264.jpg,notumor
379,./data/Training/notumor/Tr-no_0885.jpg,notumor
380,./data/Training/notumor/Tr-no_0595.jpg,notumor
381,./data/Training/notumor/Tr-no_1548.jpg,notumor
382,./data/Training/notumor/Tr-no_1350.jpg,notumor
383,./data/Training/notumor/Tr-no_1235.jpg,notumor
384,./data/Training/notumor/Tr-no_1346.jpg,notumor
385,./data/Training/notumor/Tr-no_0529.jpg,notumor
386,./data/Training/notumor/Tr-no_1567.jpg,notumor
387,./data/Training/notumor/Tr-no_1563.jpg,notumor
388,./data/Training/notumor/Tr-no_1107.jpg,notumor
389,./data/Training/notumor/Tr-no_0169.jpg,notumor
390,./data/Training/notumor/Tr-no_1525.jpg,notumor
391,./data/Training/notumor/Tr-no_1246.jpg,notumor
392,./data/Training/notumor/Tr-no_0949.jpg,notumor
393,./data/Training/notumor/Tr-no_0896.jpg,notumor
394,./data/Training/notumor/Tr-no_0414.jpg,notumor
395,./data/Training/notumor/Tr-no_0033.jpg,notumor
396,./data/Training/notumor/Tr-no_0842.jpg,notumor
397,./data/Training/notumor/Tr-no_1257.jpg,notumor
398,./data/Training/notumor/Tr-no_0777.jpg,notumor
399,./data/Training/notumor/Tr-no_0548.jpg,notumor
400,./data/Training/notumor/Tr-no_1473.jpg,notumor
401,./data/Training/notumor/Tr-no_0802.jpg,notumor
402,./data/Training/notumor/Tr-no_1207.jpg,notumor
403,./data/Training/notumor/Tr-no_0807.jpg,notumor
404,./data/Training/notumor/Tr-no_1352.jpg,notumor
405,./data/Training/notumor/Tr-no_0227.jpg,notumor
406,./data/Training/notumor/Tr-no_0853.jpg,notumor
407,./data/Training/notumor/Tr-no_1342.jpg,notumor
408,./data/Training/notumor/Tr-no_1531.jpg,notumor
409,./data/Training/notumor/Tr-no_0189.jpg,notumor
410,./data/Training/notumor/Tr-no_0010.jpg,notumor
411,./data/Training/notumor/Tr-no_0494.jpg,notumor
412,./data/Training/notumor/Tr-no_1210.jpg,notumor
413,./data/Training/notumor/Tr-no_0634.jpg,notumor
414,./data/Training/notumor/Tr-no_1116.jpg,notumor
415,./data/Training/notumor/Tr-no_0928.jpg,notumor
416,./data/Training/notumor/Tr-no_0470.jpg,notumor
417,./data/Training/notumor/Tr-no_1262.jpg,notumor
418,./data/Training/notumor/Tr-no_1191.jpg,notumor
419,./data/Training/notumor/Tr-no_1182.jpg,notumor
420,./data/Training/notumor/Tr-no_0053.jpg,notumor
421,./data/Training/notumor/Tr-no_1551.jpg,notumor
422,./data/Training/notumor/Tr-no_0739.jpg,notumor
423,./data/Training/notumor/Tr-no_0705.jpg,notumor
424,./data/Training/notumor/Tr-no_1015.jpg,notumor
425,./data/Training/notumor/Tr-no_1534.jpg,notumor
426,./data/Training/notumor/Tr-no_0229.jpg,notumor
427,./data/Training/notumor/Tr-no_0406.jpg,notumor
428,./data/Training/notumor/Tr-no_0630.jpg,notumor
429,./data/Training/notumor/Tr-no_0589.jpg,notumor
430,./data/Training/notumor/Tr-no_0519.jpg,notumor
431,./data/Training/notumor/Tr-no_0978.jpg,notumor
432,./data/Training/notumor/Tr-no_0398.jpg,notumor
433,./data/Training/notumor/Tr-no_0098.jpg,notumor
434,./data/Training/notumor/Tr-no_1179.jpg,notumor
435,./data/Training/notumor/Tr-no_0382.jpg,notumor
436,./data/Training/notumor/Tr-no_0781.jpg,notumor
437,./data/Training/notumor/Tr-no_0479.jpg,notumor
438,./data/Training/notumor/Tr-no_1024.jpg,notumor
439,./data/Training/notumor/Tr-no_1194.jpg,notumor
440,./data/Training/notumor/Tr-no_1105.jpg,notumor
441,./data/Training/notumor/Tr-no_0632.jpg,notumor
442,./data/Training/notumor/Tr-no_0480.jpg,notumor
443,./data/Training/notumor/Tr-no_1225.jpg,notumor
444,./data/Training/notumor/Tr-no_0200.jpg,notumor
445,./data/Training/notumor/Tr-no_0950.jpg,notumor
446,./data/Training/notumor/Tr-no_1510.jpg,notumor
447,./data/Training/notumor/Tr-no_0345.jpg,notumor
448,./data/Training/notumor/Tr-no_0869.jpg,notumor
449,./data/Training/notumor/Tr-no_0026.jpg,notumor
450,./data/Training/notumor/Tr-no_0455.jpg,notumor
451,./data/Training/notumor/Tr-no_1475.jpg,notumor
452,./data/Training/notumor/Tr-no_0844.jpg,notumor
453,./data/Training/notumor/Tr-no_0712.jpg,notumor
454,./data/Training/notumor/Tr-no_0676.jpg,notumor
455,./data/Training/notumor/Tr-no_0517.jpg,notumor
456,./data/Training/notumor/Tr-no_1315.jpg,notumor
457,./data/Training/notumor/Tr-no_1347.jpg,notumor
458,./data/Training/notumor/Tr-no_0545.jpg,notumor
459,./data/Training/notumor/Tr-no_1390.jpg,notumor
460,./data/Training/notumor/Tr-no_0375.jpg,notumor
461,./data/Training/notumor/Tr-no_0644.jpg,notumor
462,./data/Training/notumor/Tr-no_0349.jpg,notumor
463,./data/Training/notumor/Tr-no_1363.jpg,notumor
464,./data/Training/notumor/Tr-no_0176.jpg,notumor
465,./data/Training/notumor/Tr-no_0560.jpg,notumor
466,./data/Training/notumor/Tr-no_0424.jpg,notumor
467,./data/Training/notumor/Tr-no_0784.jpg,notumor
468,./data/Training/notumor/Tr-no_0381.jpg,notumor
469,./data/Training/notumor/Tr-no_0031.jpg,notumor
470,./data/Training/notumor/Tr-no_1234.jpg,notumor
471,./data/Training/notumor/Tr-no_0926.jpg,notumor
472,./data/Training/notumor/Tr-no_0063.jpg,notumor
473,./data/Training/notumor/Tr-no_1454.jpg,notumor
474,./data/Training/notumor/Tr-no_1345.jpg,notumor
475,./data/Training/notumor/Tr-no_0741.jpg,notumor
476,./data/Training/notumor/Tr-no_0079.jpg,notumor
477,./data/Training/notumor/Tr-no_0145.jpg,notumor
478,./data/Training/notumor/Tr-no_0023.jpg,notumor
479,./data/Training/notumor/Tr-no_0328.jpg,notumor
480,./data/Training/notumor/Tr-no_0342.jpg,notumor
481,./data/Training/notumor/Tr-no_0927.jpg,notumor
482,./data/Training/notumor/Tr-no_0786.jpg,notumor
483,./data/Training/notumor/Tr-no_0175.jpg,notumor
484,./data/Training/notumor/Tr-no_0518.jpg,notumor
485,./data/Training/notumor/Tr-no_0409.jpg,notumor
486,./data/Training/notumor/Tr-no_1400.jpg,notumor
487,./data/Training/notumor/Tr-no_0776.jpg,notumor
488,./data/Training/notumor/Tr-no_0062.jpg,notumor
489,./data/Training/notumor/Tr-no_1201.jpg,notumor
490,./data/Training/notumor/Tr-no_1137.jpg,notumor
491,./data/Training/notumor/Tr-no_1396.jpg,notumor
492,./data/Training/notumor/Tr-no_1405.jpg,notumor
493,./data/Training/notumor/Tr-no_1299.jpg,notumor
494,./data/Training/notumor/Tr-no_1535.jpg,notumor
495,./data/Training/notumor/Tr-noTr_0008.jpg,notumor
496,./data/Training/notumor/Tr-no_1049.jpg,notumor
497,./data/Training/notumor/Tr-no_1281.jpg,notumor
498,./data/Training/notumor/Tr-no_0661.jpg,notumor
499,./data/Training/notumor/Tr-no_0397.jpg,notumor
500,./data/Training/notumor/Tr-no_0689.jpg,notumor
501,./data/Training/notumor/Tr-no_0645.jpg,notumor
502,./data/Training/notumor/Tr-no_1149.jpg,notumor
503,./data/Training/notumor/Tr-no_0654.jpg,notumor
504,./data/Training/notumor/Tr-no_0049.jpg,notumor
505,./data/Training/notumor/Tr-no_0846.jpg,notumor
506,./data/Training/notumor/Tr-no_1542.jpg,notumor
507,./data/Training/notumor/Tr-no_0671.jpg,notumor
508,./data/Training/notumor/Tr-no_0180.jpg,notumor
509,./data/Training/notumor/Tr-no_1421.jpg,notumor
510,./data/Training/notumor/Tr-no_0727.jpg,notumor
511,./data/Training/notumor/Tr-no_0554.jpg,notumor
512,./data/Training/notumor/Tr-no_0347.jpg,notumor
513,./data/Training/notumor/Tr-no_0013.jpg,notumor
514,./data/Training/notumor/Tr-no_0505.jpg,notumor
515,./data/Training/notumor/Tr-no_0990.jpg,notumor
516,./data/Training/notumor/Tr-no_0682.jpg,notumor
517,./data/Training/notumor/Tr-no_0835.jpg,notumor
518,./data/Training/notumor/Tr-no_1375.jpg,notumor
519,./data/Training/notumor/Tr-no_0778.jpg,notumor
520,./data/Training/notumor/Tr-no_1027.jpg,notumor
521,./data/Training/notumor/Tr-no_0609.jpg,notumor
522,./data/Training/notumor/Tr-no_0752.jpg,notumor
523,./data/Training/notumor/Tr-no_0204.jpg,notumor
524,./data/Training/notumor/Tr-no_1113.jpg,notumor
525,./data/Training/notumor/Tr-no_0372.jpg,notumor
526,./data/Training/notumor/Tr-no_1581.jpg,notumor
527,./data/Training/notumor/Tr-no_1384.jpg,notumor
528,./data/Training/notumor/Tr-no_0208.jpg,notumor
529,./data/Training/notumor/Tr-no_1338.jpg,notumor
530,./data/Training/notumor/Tr-no_1067.jpg,notumor
531,./data/Training/notumor/Tr-no_1051.jpg,notumor
532,./data/Training/notumor/Tr-no_0973.jpg,notumor
533,./data/Training/notumor/Tr-no_0315.jpg,notumor
534,./data/Training/notumor/Tr-no_0732.jpg,notumor
535,./data/Training/notumor/Tr-no_1446.jpg,notumor
536,./data/Training/notumor/Tr-no_0081.jpg,notumor
537,./data/Training/notumor/Tr-no_0043.jpg,notumor
538,./data/Training/notumor/Tr-no_0391.jpg,notumor
539,./data/Training/notumor/Tr-no_0362.jpg,notumor
540,./data/Training/notumor/Tr-no_0878.jpg,notumor
541,./data/Training/notumor/Tr-no_0206.jpg,notumor
542,./data/Training/notumor/Tr-no_0908.jpg,notumor
543,./data/Training/notumor/Tr-no_1426.jpg,notumor
544,./data/Training/notumor/Tr-no_0437.jpg,notumor
545,./data/Training/notumor/Tr-no_0232.jpg,notumor
546,./data/Training/notumor/Tr-no_1348.jpg,notumor
547,./data/Training/notumor/Tr-no_0077.jpg,notumor
548,./data/Training/notumor/Tr-no_0435.jpg,notumor
549,./data/Training/notumor/Tr-no_0774.jpg,notumor
550,./data/Training/notumor/Tr-no_1466.jpg,notumor
551,./data/Training/notumor/Tr-no_0046.jpg,notumor
552,./data/Training/notumor/Tr-no_0749.jpg,notumor
553,./data/Training/notumor/Tr-no_0783.jpg,notumor
554,./data/Training/notumor/Tr-no_1399.jpg,notumor
555,./data/Training/notumor/Tr-no_1065.jpg,notumor
556,./data/Training/notumor/Tr-no_1355.jpg,notumor
557,./data/Training/notumor/Tr-no_0571.jpg,notumor
558,./data/Training/notumor/Tr-no_1274.jpg,notumor
559,./data/Training/notumor/Tr-no_0485.jpg,notumor
560,./data/Training/notumor/Tr-no_1333.jpg,notumor
561,./data/Training/notumor/Tr-no_1450.jpg,notumor
562,./data/Training/notumor/Tr-no_1174.jpg,notumor
563,./data/Training/notumor/Tr-no_0620.jpg,notumor
564,./data/Training/notumor/Tr-no_1507.jpg,notumor
565,./data/Training/notumor/Tr-no_0492.jpg,notumor
566,./data/Training/notumor/Tr-no_1157.jpg,notumor
567,./data/Training/notumor/Tr-no_0125.jpg,notumor
568,./data/Training/notumor/Tr-no_0699.jpg,notumor
569,./data/Training/notumor/Tr-no_1273.jpg,notumor
570,./data/Training/notumor/Tr-no_0374.jpg,notumor
571,./data/Training/notumor/Tr-no_1370.jpg,notumor
572,./data/Training/notumor/Tr-no_1171.jpg,notumor
573,./data/Training/notumor/Tr-no_1484.jpg,notumor
574,./data/Training/notumor/Tr-no_0816.jpg,notumor
575,./data/Training/notumor/Tr-no_0085.jpg,notumor
576,./data/Training/notumor/Tr-no_0029.jpg,notumor
577,./data/Training/notumor/Tr-no_1285.jpg,notumor
578,./data/Training/notumor/Tr-no_0210.jpg,notumor
579,./data/Training/notumor/Tr-no_0385.jpg,notumor
580,./data/Training/notumor/Tr-no_0335.jpg,notumor
581,./data/Training/notumor/Tr-no_0198.jpg,notumor
582,./data/Training/notumor/Tr-no_0576.jpg,notumor
583,./data/Training/notumor/Tr-no_1429.jpg,notumor
584,./data/Training/notumor/Tr-no_0209.jpg,notumor
585,./data/Training/notumor/Tr-no_0476.jpg,notumor
586,./data/Training/notumor/Tr-no_0197.jpg,notumor
587,./data/Training/notumor/Tr-no_0798.jpg,notumor
588,./data/Training/notumor/Tr-no_1230.jpg,notumor
589,./data/Training/notumor/Tr-no_1432.jpg,notumor
590,./data/Training/notumor/Tr-no_1578.jpg,notumor
591,./data/Training/notumor/Tr-no_0467.jpg,notumor
592,./data/Training/notumor/Tr-no_1120.jpg,notumor
593,./data/Training/notumor/Tr-no_1094.jpg,notumor
594,./data/Training/notumor/Tr-no_1422.jpg,notumor
595,./data/Training/notumor/Tr-no_1590.jpg,notumor
596,./data/Training/notumor/Tr-no_1068.jpg,notumor
597,./data/Training/notumor/Tr-no_0339.jpg,notumor
598,./data/Training/notumor/Tr-no_0344.jpg,notumor
599,./data/Training/notumor/Tr-no_0452.jpg,notumor
600,./data/Training/notumor/Tr-no_0135.jpg,notumor
601,./data/Training/notumor/Tr-no_0504.jpg,notumor
602,./data/Training/notumor/Tr-no_0764.jpg,notumor
603,./data/Training/notumor/Tr-no_1003.jpg,notumor
604,./data/Training/notumor/Tr-no_1317.jpg,notumor
605,./data/Training/notumor/Tr-noTr_0009.jpg,notumor
606,./data/Training/notumor/Tr-no_1401.jpg,notumor
607,./data/Training/notumor/Tr-no_1078.jpg,notumor
608,./data/Training/notumor/Tr-no_1146.jpg,notumor
609,./data/Training/notumor/Tr-no_1498.jpg,notumor
610,./data/Training/notumor/Tr-no_1339.jpg,notumor
611,./data/Training/notumor/Tr-no_0826.jpg,notumor
612,./data/Training/notumor/Tr-no_0695.jpg,notumor
613,./data/Training/notumor/Tr-no_1301.jpg,notumor
614,./data/Training/notumor/Tr-no_1438.jpg,notumor
615,./data/Training/notumor/Tr-no_0024.jpg,notumor
616,./data/Training/notumor/Tr-no_0299.jpg,notumor
617,./data/Training/notumor/Tr-no_0346.jpg,notumor
618,./data/Training/notumor/Tr-no_1148.jpg,notumor
619,./data/Training/notumor/Tr-no_1138.jpg,notumor
620,./data/Training/notumor/Tr-no_1514.jpg,notumor
621,./data/Training/notumor/Tr-no_1134.jpg,notumor
622,./data/Training/notumor/Tr-no_0089.jpg,notumor
623,./data/Training/notumor/Tr-no_1577.jpg,notumor
624,./data/Training/notumor/Tr-no_0325.jpg,notumor
625,./data/Training/notumor/Tr-no_0780.jpg,notumor
626,./data/Training/notumor/Tr-no_1272.jpg,notumor
627,./data/Training/notumor/Tr-no_0964.jpg,notumor
628,./data/Training/notumor/Tr-no_0888.jpg,notumor
629,./data/Training/notumor/Tr-no_1045.jpg,notumor
630,./data/Training/notumor/Tr-no_1090.jpg,notumor
631,./data/Training/notumor/Tr-no_0445.jpg,notumor
632,./data/Training/notumor/Tr-no_0822.jpg,notumor
633,./data/Training/notumor/Tr-no_0249.jpg,notumor
634,./data/Training/notumor/Tr-no_0959.jpg,notumor
635,./data/Training/notumor/Tr-no_1576.jpg,notumor
636,./data/Training/notumor/Tr-no_0546.jpg,notumor
637,./data/Training/notumor/Tr-no_0276.jpg,notumor
638,./data/Training/notumor/Tr-no_0416.jpg,notumor
639,./data/Training/notumor/Tr-no_0423.jpg,notumor
640,./data/Training/notumor/Tr-no_1153.jpg,notumor
641,./data/Training/notumor/Tr-no_0279.jpg,notumor
642,./data/Training/notumor/Tr-no_1512.jpg,notumor
643,./data/Training/notumor/Tr-no_1353.jpg,notumor
644,./data/Training/notumor/Tr-no_1064.jpg,notumor
645,./data/Training/notumor/Tr-no_0569.jpg,notumor
646,./data/Training/notumor/Tr-no_0242.jpg,notumor
647,./data/Training/notumor/Tr-no_1570.jpg,notumor
648,./data/Training/notumor/Tr-no_1260.jpg,notumor
649,./data/Training/notumor/Tr-no_0582.jpg,notumor
650,./data/Training/notumor/Tr-no_1386.jpg,notumor
651,./data/Training/notumor/Tr-no_0181.jpg,notumor
652,./data/Training/notumor/Tr-no_1250.jpg,notumor
653,./data/Training/notumor/Tr-no_0650.jpg,notumor
654,./data/Training/notumor/Tr-no_1071.jpg,notumor
655,./data/Training/notumor/Tr-no_0583.jpg,notumor
656,./data/Training/notumor/Tr-no_1108.jpg,notumor
657,./data/Training/notumor/Tr-no_1275.jpg,notumor
658,./data/Training/notumor/Tr-no_0941.jpg,notumor
659,./data/Training/notumor/Tr-no_1111.jpg,notumor
660,./data/Training/notumor/Tr-no_0427.jpg,notumor
661,./data/Training/notumor/Tr-no_1436.jpg,notumor
662,./data/Training/notumor/Tr-no_1131.jpg,notumor
663,./data/Training/notumor/Tr-no_0965.jpg,notumor
664,./data/Training/notumor/Tr-no_0994.jpg,notumor
665,./data/Training/notumor/Tr-no_0366.jpg,notumor
666,./data/Training/notumor/Tr-no_0800.jpg,notumor
667,./data/Training/notumor/Tr-no_0136.jpg,notumor
668,./data/Training/notumor/Tr-no_1460.jpg,notumor
669,./data/Training/notumor/Tr-no_0655.jpg,notumor
670,./data/Training/notumor/Tr-no_1394.jpg,notumor
671,./data/Training/notumor/Tr-no_1276.jpg,notumor
672,./data/Training/notumor/Tr-no_0212.jpg,notumor
673,./data/Training/notumor/Tr-no_0306.jpg,notumor
674,./data/Training/notumor/Tr-no_1523.jpg,notumor
675,./data/Training/notumor/Tr-no_1062.jpg,notumor
676,./data/Training/notumor/Tr-no_0760.jpg,notumor
677,./data/Training/notumor/Tr-no_0473.jpg,notumor
678,./data/Training/notumor/Tr-no_1462.jpg,notumor
679,./data/Training/notumor/Tr-no_0937.jpg,notumor
680,./data/Training/notumor/Tr-no_1130.jpg,notumor
681,./data/Training/notumor/Tr-no_0902.jpg,notumor
682,./data/Training/notumor/Tr-no_1377.jpg,notumor
683,./data/Training/notumor/Tr-no_1506.jpg,notumor
684,./data/Training/notumor/Tr-no_0639.jpg,notumor
685,./data/Training/notumor/Tr-no_0829.jpg,notumor
686,./data/Training/notumor/Tr-no_1212.jpg,notumor
687,./data/Training/notumor/Tr-no_0785.jpg,notumor
688,./data/Training/notumor/Tr-no_0543.jpg,notumor
689,./data/Training/notumor/Tr-no_0438.jpg,notumor
690,./data/Training/notumor/Tr-noTr_0003.jpg,notumor
691,./data/Training/notumor/Tr-no_0314.jpg,notumor
692,./data/Training/notumor/Tr-no_1248.jpg,notumor
693,./data/Training/notumor/Tr-no_0413.jpg,notumor
694,./data/Training/notumor/Tr-no_1181.jpg,notumor
695,./data/Training/notumor/Tr-no_0501.jpg,notumor
696,./data/Training/notumor/Tr-no_1127.jpg,notumor
697,./data/Training/notumor/Tr-no_0512.jpg,notumor
698,./data/Training/notumor/Tr-no_0475.jpg,notumor
699,./data/Training/notumor/Tr-no_1351.jpg,notumor
700,./data/Training/notumor/Tr-no_0448.jpg,notumor
701,./data/Training/notumor/Tr-no_1428.jpg,notumor
702,./data/Training/notumor/Tr-no_0387.jpg,notumor
703,./data/Training/notumor/Tr-no_0787.jpg,notumor
704,./data/Training/notumor/Tr-no_0678.jpg,notumor
705,./data/Training/notumor/Tr-no_0947.jpg,notumor
706,./data/Training/notumor/Tr-no_1228.jpg,notumor
707,./data/Training/notumor/Tr-no_0810.jpg,notumor
708,./data/Training/notumor/Tr-no_1340.jpg,notumor
709,./data/Training/notumor/Tr-no_0982.jpg,notumor
710,./data/Training/notumor/Tr-no_1568.jpg,notumor
711,./data/Training/notumor/Tr-no_0412.jpg,notumor
712,./data/Training/notumor/Tr-no_0720.jpg,notumor
713,./data/Training/notumor/Tr-no_0905.jpg,notumor
714,./data/Training/notumor/Tr-no_0137.jpg,notumor
715,./data/Training/notumor/Tr-no_0091.jpg,notumor
716,./data/Training/notumor/Tr-no_1385.jpg,notumor
717,./data/Training/notumor/Tr-no_0179.jpg,notumor
718,./data/Training/notumor/Tr-no_0308.jpg,notumor
719,./data/Training/notumor/Tr-no_0027.jpg,notumor
720,./data/Training/notumor/Tr-no_0241.jpg,notumor
721,./data/Training/notumor/Tr-no_1026.jpg,notumor
722,./data/Training/notumor/Tr-no_0955.jpg,notumor
723,./data/Training/notumor/Tr-no_0384.jpg,notumor
724,./data/Training/notumor/Tr-no_1093.jpg,notumor
725,./data/Training/notumor/Tr-no_1043.jpg,notumor
726,./data/Training/notumor/Tr-no_0850.jpg,notumor
727,./data/Training/notumor/Tr-no_0274.jpg,notumor
728,./data/Training/notumor/Tr-no_1532.jpg,notumor
729,./data/Training/notumor/Tr-no_1529.jpg,notumor
730,./data/Training/notumor/Tr-no_0532.jpg,notumor
731,./data/Training/notumor/Tr-no_0573.jpg,notumor
732,./data/Training/notumor/Tr-noTr_0007.jpg,notumor
733,./data/Training/notumor/Tr-no_0355.jpg,notumor
734,./data/Training/notumor/Tr-no_0770.jpg,notumor
735,./data/Training/notumor/Tr-no_0377.jpg,notumor
736,./data/Training/notumor/Tr-no_0157.jpg,notumor
737,./data/Training/notumor/Tr-no_0643.jpg,notumor
738,./data/Training/notumor/Tr-no_1278.jpg,notumor
739,./data/Training/notumor/Tr-no_1152.jpg,notumor
740,./data/Training/notumor/Tr-no_0729.jpg,notumor
741,./data/Training/notumor/Tr-no_0032.jpg,notumor
742,./data/Training/notumor/Tr-no_0160.jpg,notumor
743,./data/Training/notumor/Tr-no_0707.jpg,notumor
744,./data/Training/notumor/Tr-no_0144.jpg,notumor
745,./data/Training/notumor/Tr-no_0669.jpg,notumor
746,./data/Training/notumor/Tr-no_0262.jpg,notumor
747,./data/Training/notumor/Tr-no_0895.jpg,notumor
748,./data/Training/notumor/Tr-no_1320.jpg,notumor
749,./data/Training/notumor/Tr-no_0622.jpg,notumor
750,./data/Training/notumor/Tr-no_1247.jpg,notumor
751,./data/Training/notumor/Tr-no_0498.jpg,notumor
752,./data/Training/notumor/Tr-no_0670.jpg,notumor
753,./data/Training/notumor/Tr-no_1103.jpg,notumor
754,./data/Training/notumor/Tr-no_0596.jpg,notumor
755,./data/Training/notumor/Tr-no_0191.jpg,notumor
756,./data/Training/notumor/Tr-no_0939.jpg,notumor
757,./data/Training/notumor/Tr-no_0866.jpg,notumor
758,./data/Training/notumor/Tr-no_0218.jpg,notumor
759,./data/Training/notumor/Tr-no_1586.jpg,notumor
760,./data/Training/notumor/Tr-no_0772.jpg,notumor
761,./data/Training/notumor/Tr-no_0253.jpg,notumor
762,./data/Training/notumor/Tr-no_1427.jpg,notumor
763,./data/Training/notumor/Tr-no_1232.jpg,notumor
764,./data/Training/notumor/Tr-no_1437.jpg,notumor
765,./data/Training/notumor/Tr-no_1361.jpg,notumor
766,./data/Training/notumor/Tr-no_1328.jpg,notumor
767,./data/Training/notumor/Tr-no_0428.jpg,notumor
768,./data/Training/notumor/Tr-no_0444.jpg,notumor
769,./data/Training/notumor/Tr-no_0456.jpg,notumor
770,./data/Training/notumor/Tr-no_1206.jpg,notumor
771,./data/Training/notumor/Tr-no_1288.jpg,notumor
772,./data/Training/notumor/Tr-no_0911.jpg,notumor
773,./data/Training/notumor/Tr-no_0917.jpg,notumor
774,./data/Training/notumor/Tr-no_0833.jpg,notumor
775,./data/Training/notumor/Tr-no_0099.jpg,notumor
776,./data/Training/notumor/Tr-no_1126.jpg,notumor
777,./data/Training/notumor/Tr-no_0961.jpg,notumor
778,./data/Training/notumor/Tr-no_0966.jpg,notumor
779,./data/Training/notumor/Tr-no_0989.jpg,notumor
780,./data/Training/notumor/Tr-no_0848.jpg,notumor
781,./data/Training/notumor/Tr-no_0795.jpg,notumor
782,./data/Training/notumor/Tr-no_0105.jpg,notumor
783,./data/Training/notumor/Tr-no_0238.jpg,notumor
784,./data/Training/notumor/Tr-no_0979.jpg,notumor
785,./data/Training/notumor/Tr-no_0967.jpg,notumor
786,./data/Training/notumor/Tr-no_0619.jpg,notumor
787,./data/Training/notumor/Tr-no_0725.jpg,notumor
788,./data/Training/notumor/Tr-no_0059.jpg,notumor
789,./data/Training/notumor/Tr-no_1354.jpg,notumor
790,./data/Training/notumor/Tr-no_0020.jpg,notumor
791,./data/Training/notumor/Tr-no_1243.jpg,notumor
792,./data/Training/notumor/Tr-no_0400.jpg,notumor
793,./data/Training/notumor/Tr-no_1256.jpg,notumor
794,./data/Training/notumor/Tr-no_0929.jpg,notumor
795,./data/Training/notumor/Tr-no_0975.jpg,notumor
796,./data/Training/notumor/Tr-no_0141.jpg,notumor
797,./data/Training/notumor/Tr-no_0533.jpg,notumor
798,./data/Training/notumor/Tr-no_1102.jpg,notumor
799,./data/Training/notumor/Tr-no_0030.jpg,notumor
800,./data/Training/notumor/Tr-no_1472.jpg,notumor
801,./data/Training/notumor/Tr-no_0667.jpg,notumor
802,./data/Training/notumor/Tr-no_1072.jpg,notumor
803,./data/Training/notumor/Tr-no_0086.jpg,notumor
804,./data/Training/notumor/Tr-no_0484.jpg,notumor
805,./data/Training/notumor/Tr-no_1166.jpg,notumor
806,./data/Training/notumor/Tr-no_1496.jpg,notumor
807,./data/Training/notumor/Tr-no_1362.jpg,notumor
808,./data/Training/notumor/Tr-no_1091.jpg,notumor
809,./data/Training/notumor/Tr-no_0514.jpg,notumor
810,./data/Training/notumor/Tr-no_1279.jpg,notumor
811,./data/Training/notumor/Tr-no_0167.jpg,notumor
812,./data/Training/notumor/Tr-no_0393.jpg,notumor
813,./data/Training/notumor/Tr-no_1244.jpg,notumor
814,./data/Training/notumor/Tr-no_0797.jpg,notumor
815,./data/Training/notumor/Tr-no_1562.jpg,notumor
816,./data/Training/notumor/Tr-no_0221.jpg,notumor
817,./data/Training/notumor/Tr-no_1417.jpg,notumor
818,./data/Training/notumor/Tr-no_1589.jpg,notumor
819,./data/Training/notumor/Tr-no_1549.jpg,notumor
820,./data/Training/notumor/Tr-no_1163.jpg,notumor
821,./data/Training/notumor/Tr-no_1158.jpg,notumor
822,./data/Training/notumor/Tr-no_1374.jpg,notumor
823,./data/Training/notumor/Tr-no_0022.jpg,notumor
824,./data/Training/notumor/Tr-no_1239.jpg,notumor
825,./data/Training/notumor/Tr-no_1541.jpg,notumor
826,./data/Training/notumor/Tr-no_0831.jpg,notumor
827,./data/Training/notumor/Tr-no_0283.jpg,notumor
828,./data/Training/notumor/Tr-no_0088.jpg,notumor
829,./data/Training/notumor/Tr-no_0237.jpg,notumor
830,./data/Training/notumor/Tr-no_0094.jpg,notumor
831,./data/Training/notumor/Tr-no_1216.jpg,notumor
832,./data/Training/notumor/Tr-no_0920.jpg,notumor
833,./data/Training/notumor/Tr-no_1536.jpg,notumor
834,./data/Training/notumor/Tr-no_1074.jpg,notumor
835,./data/Training/notumor/Tr-no_1558.jpg,notumor
836,./data/Training/notumor/Tr-no_0280.jpg,notumor
837,./data/Training/notumor/Tr-no_0903.jpg,notumor
838,./data/Training/notumor/Tr-no_1208.jpg,notumor
839,./data/Training/notumor/Tr-no_0228.jpg,notumor
840,./data/Training/notumor/Tr-no_0856.jpg,notumor
841,./data/Training/notumor/Tr-no_1282.jpg,notumor
842,./data/Training/notumor/Tr-no_0769.jpg,notumor
843,./data/Training/notumor/Tr-no_1314.jpg,notumor
844,./data/Training/notumor/Tr-no_0170.jpg,notumor
845,./data/Training/notumor/Tr-no_0631.jpg,notumor
846,./data/Training/notumor/Tr-no_1042.jpg,notumor
847,./data/Training/notumor/Tr-no_0999.jpg,notumor
848,./data/Training/notumor/Tr-no_1499.jpg,notumor
849,./data/Training/notumor/Tr-no_0159.jpg,notumor
850,./data/Training/notumor/Tr-no_1318.jpg,notumor
851,./data/Training/notumor/Tr-no_0072.jpg,notumor
852,./data/Training/notumor/Tr-no_0855.jpg,notumor
853,./data/Training/notumor/Tr-no_1114.jpg,notumor
854,./data/Training/notumor/Tr-no_0916.jpg,notumor
855,./data/Training/notumor/Tr-no_0574.jpg,notumor
856,./data/Training/notumor/Tr-no_0057.jpg,notumor
857,./data/Training/notumor/Tr-no_0312.jpg,notumor
858,./data/Training/notumor/Tr-no_1008.jpg,notumor
859,./data/Training/notumor/Tr-no_1579.jpg,notumor
860,./data/Training/notumor/Tr-no_1402.jpg,notumor
861,./data/Training/notumor/Tr-no_1497.jpg,notumor
862,./data/Training/notumor/Tr-no_0972.jpg,notumor
863,./data/Training/notumor/Tr-no_1543.jpg,notumor
864,./data/Training/notumor/Tr-no_0750.jpg,notumor
865,./data/Training/notumor/Tr-no_0649.jpg,notumor
866,./data/Training/notumor/Tr-no_0110.jpg,notumor
867,./data/Training/notumor/Tr-no_0493.jpg,notumor
868,./data/Training/notumor/Tr-no_0663.jpg,notumor
869,./data/Training/notumor/Tr-no_0761.jpg,notumor
870,./data/Training/notumor/Tr-no_0093.jpg,notumor
871,./data/Training/notumor/Tr-no_0974.jpg,notumor
872,./data/Training/notumor/Tr-no_0038.jpg,notumor
873,./data/Training/notumor/Tr-no_0316.jpg,notumor
874,./data/Training/notumor/Tr-no_0594.jpg,notumor
875,./data/Training/notumor/Tr-no_0128.jpg,notumor
876,./data/Training/notumor/Tr-no_0951.jpg,notumor
877,./data/Training/notumor/Tr-no_0293.jpg,notumor
878,./data/Training/notumor/Tr-no_1476.jpg,notumor
879,./data/Training/notumor/Tr-no_0394.jpg,notumor
880,./data/Training/notumor/Tr-no_0863.jpg,notumor
881,./data/Training/notumor/Tr-no_1189.jpg,notumor
882,./data/Training/notumor/Tr-no_1389.jpg,notumor
883,./data/Training/notumor/Tr-no_0820.jpg,notumor
884,./data/Training/notumor/Tr-no_1141.jpg,notumor
885,./data/Training/notumor/Tr-no_1449.jpg,notumor
886,./data/Training/notumor/Tr-no_0194.jpg,notumor
887,./data/Training/notumor/Tr-no_0131.jpg,notumor
888,./data/Training/notumor/Tr-no_1076.jpg,notumor
889,./data/Training/notumor/Tr-no_1053.jpg,notumor
890,./data/Training/notumor/Tr-no_0319.jpg,notumor
891,./data/Training/notumor/Tr-no_1356.jpg,notumor
892,./data/Training/notumor/Tr-no_0252.jpg,notumor
893,./data/Training/notumor/Tr-no_1433.jpg,notumor
894,./data/Training/notumor/Tr-no_0451.jpg,notumor
895,./data/Training/notumor/Tr-no_1528.jpg,notumor
896,./data/Training/notumor/Tr-no_1326.jpg,notumor
897,./data/Training/notumor/Tr-no_0738.jpg,notumor
898,./data/Training/notumor/Tr-no_0219.jpg,notumor
899,./data/Training/notumor/Tr-no_0496.jpg,notumor
900,./data/Training/notumor/Tr-no_0938.jpg,notumor
901,./data/Training/notumor/Tr-no_0601.jpg,notumor
902,./data/Training/notumor/Tr-no_1287.jpg,notumor
903,./data/Training/notumor/Tr-no_0153.jpg,notumor
904,./data/Training/notumor/Tr-no_0420.jpg,notumor
905,./data/Training/notumor/Tr-no_1344.jpg,notumor
906,./data/Training/notumor/Tr-no_0112.jpg,notumor
907,./data/Training/notumor/Tr-no_0028.jpg,notumor
908,./data/Training/notumor/Tr-no_0371.jpg,notumor
909,./data/Training/notumor/Tr-no_0886.jpg,notumor
910,./data/Training/notumor/Tr-no_0563.jpg,notumor
911,./data/Training/notumor/Tr-no_1490.jpg,notumor
912,./data/Training/notumor/Tr-no_1117.jpg,notumor
913,./data/Training/notumor/Tr-no_0351.jpg,notumor
914,./data/Training/notumor/Tr-no_1494.jpg,notumor
915,./data/Training/notumor/Tr-no_0440.jpg,notumor
916,./data/Training/notumor/Tr-no_0383.jpg,notumor
917,./data/Training/notumor/Tr-no_1086.jpg,notumor
918,./data/Training/notumor/Tr-no_0697.jpg,notumor
919,./data/Training/notumor/Tr-no_1128.jpg,notumor
920,./data/Training/notumor/Tr-no_0126.jpg,notumor
921,./data/Training/notumor/Tr-no_0719.jpg,notumor
922,./data/Training/notumor/Tr-no_0021.jpg,notumor
923,./data/Training/notumor/Tr-no_1368.jpg,notumor
924,./data/Training/notumor/Tr-no_1392.jpg,notumor
925,./data/Training/notumor/Tr-no_0178.jpg,notumor
926,./data/Training/notumor/Tr-no_1504.jpg,notumor
927,./data/Training/notumor/Tr-no_1164.jpg,notumor
928,./data/Training/notumor/Tr-no_0944.jpg,notumor
929,./data/Training/notumor/Tr-no_0694.jpg,notumor
930,./data/Training/notumor/Tr-no_0360.jpg,notumor
931,./data/Training/notumor/Tr-no_1524.jpg,notumor
932,./data/Training/notumor/Tr-no_1487.jpg,notumor
933,./data/Training/notumor/Tr-no_0095.jpg,notumor
934,./data/Training/notumor/Tr-no_0405.jpg,notumor
935,./data/Training/notumor/Tr-no_0621.jpg,notumor
936,./data/Training/notumor/Tr-no_0379.jpg,notumor
937,./data/Training/notumor/Tr-no_1269.jpg,notumor
938,./data/Training/notumor/Tr-no_0205.jpg,notumor
939,./data/Training/notumor/Tr-no_1404.jpg,notumor
940,./data/Training/notumor/Tr-no_1380.jpg,notumor
941,./data/Training/notumor/Tr-no_1005.jpg,notumor
942,./data/Training/notumor/Tr-no_0691.jpg,notumor
943,./data/Training/notumor/Tr-no_1420.jpg,notumor
944,./data/Training/notumor/Tr-no_0173.jpg,notumor
945,./data/Training/notumor/Tr-no_0130.jpg,notumor
946,./data/Training/notumor/Tr-no_0392.jpg,notumor
947,./data/Training/notumor/Tr-no_1560.jpg,notumor
948,./data/Training/notumor/Tr-no_1308.jpg,notumor
949,./data/Training/notumor/Tr-no_1303.jpg,notumor
950,./data/Training/notumor/Tr-no_0503.jpg,notumor
951,./data/Training/notumor/Tr-no_1322.jpg,notumor
952,./data/Training/notumor/Tr-no_1395.jpg,notumor
953,./data/Training/notumor/Tr-no_0867.jpg,notumor
954,./data/Training/notumor/Tr-no_0704.jpg,notumor
955,./data/Training/notumor/Tr-no_0635.jpg,notumor
956,./data/Training/notumor/Tr-no_1080.jpg,notumor
957,./data/Training/notumor/Tr-no_1025.jpg,notumor
958,./data/Training/notumor/Tr-no_1439.jpg,notumor
959,./data/Training/notumor/Tr-no_0215.jpg,notumor
960,./data/Training/notumor/Tr-no_1070.jpg,notumor
961,./data/Training/notumor/Tr-no_0322.jpg,notumor
962,./data/Training/notumor/Tr-no_1261.jpg,notumor
963,./data/Training/notumor/Tr-no_0875.jpg,notumor
964,./data/Training/notumor/Tr-no_1491.jpg,notumor
965,./data/Training/notumor/Tr-no_0188.jpg,notumor
966,./data/Training/notumor/Tr-no_1425.jpg,notumor
967,./data/Training/notumor/Tr-no_0735.jpg,notumor
968,./data/Training/notumor/Tr-no_1325.jpg,notumor
969,./data/Training/notumor/Tr-no_1393.jpg,notumor
970,./data/Training/notumor/Tr-no_0447.jpg,notumor
971,./data/Training/notumor/Tr-no_0914.jpg,notumor
972,./data/Training/notumor/Tr-no_0586.jpg,notumor
973,./data/Training/notumor/Tr-no_0396.jpg,notumor
974,./data/Training/notumor/Tr-no_1556.jpg,notumor
975,./data/Training/notumor/Tr-no_1159.jpg,notumor
976,./data/Training/notumor/Tr-no_1403.jpg,notumor
977,./data/Training/notumor/Tr-no_0679.jpg,notumor
978,./data/Training/notumor/Tr-no_0064.jpg,notumor
979,./data/Training/notumor/Tr-no_1555.jpg,notumor
980,./data/Training/notumor/Tr-no_0071.jpg,notumor
981,./data/Training/notumor/Tr-no_0603.jpg,notumor
982,./data/Training/notumor/Tr-no_0076.jpg,notumor
983,./data/Training/notumor/Tr-no_0149.jpg,notumor
984,./data/Training/notumor/Tr-no_1238.jpg,notumor
985,./data/Training/notumor/Tr-no_1330.jpg,notumor
986,./data/Training/notumor/Tr-no_0388.jpg,notumor
987,./data/Training/notumor/Tr-no_0115.jpg,notumor
988,./data/Training/notumor/Tr-no_0861.jpg,notumor
989,./data/Training/notumor/Tr-no_0196.jpg,notumor
990,./data/Training/notumor/Tr-no_0685.jpg,notumor
991,./data/Training/notumor/Tr-no_1236.jpg,notumor
992,./data/Training/notumor/Tr-no_1154.jpg,notumor
993,./data/Training/notumor/Tr-no_1447.jpg,notumor
994,./data/Training/notumor/Tr-no_1125.jpg,notumor
995,./data/Training/notumor/Tr-no_1263.jpg,notumor
996,./data/Training/notumor/Tr-no_0269.jpg,notumor
997,./data/Training/notumor/Tr-no_0608.jpg,notumor
998,./data/Training/notumor/Tr-no_0246.jpg,notumor
999,./data/Training/notumor/Tr-no_0271.jpg,notumor
1000,./data/Training/notumor/Tr-no_1343.jpg,notumor
1001,./data/Training/notumor/Tr-no_1575.jpg,notumor
1002,./data/Training/notumor/Tr-no_0934.jpg,notumor
1003,./data/Training/notumor/Tr-no_0811.jpg,notumor
1004,./data/Training/notumor/Tr-no_0550.jpg,notumor
1005,./data/Training/notumor/Tr-no_0287.jpg,notumor
1006,./data/Training/notumor/Tr-no_0757.jpg,notumor
1007,./data/Training/notumor/Tr-no_1519.jpg,notumor
1008,./data/Training/notumor/Tr-no_0935.jpg,notumor
1009,./data/Training/notumor/Tr-no_0080.jpg,notumor
1010,./data/Training/notumor/Tr-no_0547.jpg,notumor
1011,./data/Training/notumor/Tr-no_0357.jpg,notumor
1012,./data/Training/notumor/Tr-no_0426.jpg,notumor
1013,./data/Training/notumor/Tr-no_1332.jpg,notumor
1014,./data/Training/notumor/Tr-no_1293.jpg,notumor
1015,./data/Training/notumor/Tr-no_1056.jpg,notumor
1016,./data/Training/notumor/Tr-no_1119.jpg,notumor
1017,./data/Training/notumor/Tr-no_0687.jpg,notumor
1018,./data/Training/notumor/Tr-no_0524.jpg,notumor
1019,./data/Training/notumor/Tr-no_1099.jpg,notumor
1020,./data/Training/notumor/Tr-no_0450.jpg,notumor
1021,./data/Training/notumor/Tr-no_0690.jpg,notumor
1022,./data/Training/notumor/Tr-no_0042.jpg,notumor
1023,./data/Training/notumor/Tr-no_1109.jpg,notumor
1024,./data/Training/notumor/Tr-no_0286.jpg,notumor
1025,./data/Training/notumor/Tr-no_1221.jpg,notumor
1026,./data/Training/notumor/Tr-no_1020.jpg,notumor
1027,./data/Training/notumor/Tr-no_0285.jpg,notumor
1028,./data/Training/notumor/Tr-no_1255.jpg,notumor
1029,./data/Training/notumor/Tr-no_1147.jpg,notumor
1030,./data/Training/notumor/Tr-no_0217.jpg,notumor
1031,./data/Training/notumor/Tr-no_0751.jpg,notumor
1032,./data/Training/notumor/Tr-no_0509.jpg,notumor
1033,./data/Training/notumor/Tr-no_0500.jpg,notumor
1034,./data/Training/notumor/Tr-no_0380.jpg,notumor
1035,./data/Training/notumor/Tr-no_1002.jpg,notumor
1036,./data/Training/notumor/Tr-no_0240.jpg,notumor
1037,./data/Training/notumor/Tr-no_0700.jpg,notumor
1038,./data/Training/notumor/Tr-no_0922.jpg,notumor
1039,./data/Training/notumor/Tr-no_1037.jpg,notumor
1040,./data/Training/notumor/Tr-no_0260.jpg,notumor
1041,./data/Training/notumor/Tr-no_0056.jpg,notumor
1042,./data/Training/notumor/Tr-no_1011.jpg,notumor
1043,./data/Training/notumor/Tr-no_1233.jpg,notumor
1044,./data/Training/notumor/Tr-no_0766.jpg,notumor
1045,./data/Training/notumor/Tr-no_0852.jpg,notumor
1046,./data/Training/notumor/Tr-no_1144.jpg,notumor
1047,./data/Training/notumor/Tr-no_1193.jpg,notumor
1048,./data/Training/notumor/Tr-no_0637.jpg,notumor
1049,./data/Training/notumor/Tr-no_0805.jpg,notumor
1050,./data/Training/notumor/Tr-no_1410.jpg,notumor
1051,./data/Training/notumor/Tr-no_0791.jpg,notumor
1052,./data/Training/notumor/Tr-no_0931.jpg,notumor
1053,./data/Training/notumor/Tr-no_0074.jpg,notumor
1054,./data/Training/notumor/Tr-no_0737.jpg,notumor
1055,./data/Training/notumor/Tr-no_1209.jpg,notumor
1056,./data/Training/notumor/Tr-no_0763.jpg,notumor
1057,./data/Training/notumor/Tr-no_0865.jpg,notumor
1058,./data/Training/notumor/Tr-no_1469.jpg,notumor
1059,./data/Training/notumor/Tr-no_0877.jpg,notumor
1060,./data/Training/notumor/Tr-no_0946.jpg,notumor
1061,./data/Training/notumor/Tr-no_1289.jpg,notumor
1062,./data/Training/notumor/Tr-no_0980.jpg,notumor
1063,./data/Training/notumor/Tr-no_1218.jpg,notumor
1064,./data/Training/notumor/Tr-no_0991.jpg,notumor
1065,./data/Training/notumor/Tr-no_0731.jpg,notumor
1066,./data/Training/notumor/Tr-no_0462.jpg,notumor
1067,./data/Training/notumor/Tr-no_1300.jpg,notumor
1068,./data/Training/notumor/Tr-no_0483.jpg,notumor
1069,./data/Training/notumor/Tr-no_1254.jpg,notumor
1070,./data/Training/notumor/Tr-no_0868.jpg,notumor
1071,./data/Training/notumor/Tr-no_0626.jpg,notumor
1072,./data/Training/notumor/Tr-no_0261.jpg,notumor
1073,./data/Training/notumor/Tr-no_1029.jpg,notumor
1074,./data/Training/notumor/Tr-no_0611.jpg,notumor
1075,./data/Training/notumor/Tr-no_0478.jpg,notumor
1076,./data/Training/notumor/Tr-no_0551.jpg,notumor
1077,./data/Training/notumor/Tr-no_0226.jpg,notumor
1078,./data/Training/notumor/Tr-no_0111.jpg,notumor
1079,./data/Training/notumor/Tr-no_0044.jpg,notumor
1080,./data/Training/notumor/Tr-no_0556.jpg,notumor
1081,./data/Training/notumor/Tr-no_1423.jpg,notumor
1082,./data/Training/notumor/Tr-no_0164.jpg,notumor
1083,./data/Training/notumor/Tr-no_0893.jpg,notumor
1084,./data/Training/notumor/Tr-no_1058.jpg,notumor
1085,./data/Training/notumor/Tr-no_0625.jpg,notumor
1086,./data/Training/notumor/Tr-no_1434.jpg,notumor
1087,./data/Training/notumor/Tr-no_0245.jpg,notumor
1088,./data/Training/notumor/Tr-no_1252.jpg,notumor
1089,./data/Training/notumor/Tr-no_0163.jpg,notumor
1090,./data/Training/notumor/Tr-no_1444.jpg,notumor
1091,./data/Training/notumor/Tr-no_1237.jpg,notumor
1092,./data/Training/notumor/Tr-no_0297.jpg,notumor
1093,./data/Training/notumor/Tr-no_0730.jpg,notumor
1094,./data/Training/notumor/Tr-no_0998.jpg,notumor
1095,./data/Training/notumor/Tr-no_1023.jpg,notumor
1096,./data/Training/notumor/Tr-no_1500.jpg,notumor
1097,./data/Training/notumor/Tr-no_0898.jpg,notumor
1098,./data/Training/notumor/Tr-no_0216.jpg,notumor
1099,./data/Training/notumor/Tr-no_0231.jpg,notumor
1100,./data/Training/notumor/Tr-no_0421.jpg,notumor
1101,./data/Training/notumor/Tr-no_0716.jpg,notumor
1102,./data/Training/notumor/Tr-no_0410.jpg,notumor
1103,./data/Training/notumor/Tr-no_0838.jpg,notumor
1104,./data/Training/notumor/Tr-no_0075.jpg,notumor
1105,./data/Training/notumor/Tr-no_1359.jpg,notumor
1106,./data/Training/notumor/Tr-no_0507.jpg,notumor
1107,./data/Training/notumor/Tr-no_1007.jpg,notumor
1108,./data/Training/notumor/Tr-no_1552.jpg,notumor
1109,./data/Training/notumor/Tr-no_1190.jpg,notumor
1110,./data/Training/notumor/Tr-no_0334.jpg,notumor
1111,./data/Training/notumor/Tr-no_1167.jpg,notumor
1112,./data/Training/notumor/Tr-no_0680.jpg,notumor
1113,./data/Training/notumor/Tr-no_1006.jpg,notumor
1114,./data/Training/notumor/Tr-no_1032.jpg,notumor
1115,./data/Training/notumor/Tr-no_0298.jpg,notumor
1116,./data/Training/notumor/Tr-no_0182.jpg,notumor
1117,./data/Training/notumor/Tr-no_1585.jpg,notumor
1118,./data/Training/notumor/Tr-no_0758.jpg,notumor
1119,./data/Training/notumor/Tr-no_1569.jpg,notumor
1120,./data/Training/notumor/Tr-no_0275.jpg,notumor
1121,./data/Training/notumor/Tr-no_1222.jpg,notumor
1122,./data/Training/notumor/Tr-no_0156.jpg,notumor
1123,./data/Training/notumor/Tr-no_0801.jpg,notumor
1124,./data/Training/notumor/Tr-no_1440.jpg,notumor
1125,./data/Training/notumor/Tr-no_0605.jpg,notumor
1126,./data/Training/notumor/Tr-no_0352.jpg,notumor
1127,./data/Training/notumor/Tr-no_1162.jpg,notumor
1128,./data/Training/notumor/Tr-no_1133.jpg,notumor
1129,./data/Training/notumor/Tr-no_0686.jpg,notumor
1130,./data/Training/notumor/Tr-no_0693.jpg,notumor
1131,./data/Training/notumor/Tr-no_1034.jpg,notumor
1132,./data/Training/notumor/Tr-no_0673.jpg,notumor
1133,./data/Training/notumor/Tr-noTr_0002.jpg,notumor
1134,./data/Training/notumor/Tr-no_1336.jpg,notumor
1135,./data/Training/notumor/Tr-no_0615.jpg,notumor
1136,./data/Training/notumor/Tr-no_0714.jpg,notumor
1137,./data/Training/notumor/Tr-no_1277.jpg,notumor
1138,./data/Training/notumor/Tr-no_0213.jpg,notumor
1139,./data/Training/notumor/Tr-no_0250.jpg,notumor
1140,./data/Training/notumor/Tr-no_1520.jpg,notumor
1141,./data/Training/notumor/Tr-no_0976.jpg,notumor
1142,./data/Training/notumor/Tr-no_0255.jpg,notumor
1143,./data/Training/notumor/Tr-no_0123.jpg,notumor
1144,./data/Training/notumor/Tr-no_0185.jpg,notumor
1145,./data/Training/notumor/Tr-no_1477.jpg,notumor
1146,./data/Training/notumor/Tr-no_0386.jpg,notumor
1147,./data/Training/notumor/Tr-no_1489.jpg,notumor
1148,./data/Training/notumor/Tr-no_0918.jpg,notumor
1149,./data/Training/notumor/Tr-no_0486.jpg,notumor
1150,./data/Training/notumor/Tr-no_0058.jpg,notumor
1151,./data/Training/notumor/Tr-no_1241.jpg,notumor
1152,./data/Training/notumor/Tr-no_1478.jpg,notumor
1153,./data/Training/notumor/Tr-no_0465.jpg,notumor
1154,./data/Training/notumor/Tr-no_1366.jpg,notumor
1155,./data/Training/notumor/Tr-no_0523.jpg,notumor
1156,./data/Training/notumor/Tr-no_1516.jpg,notumor
1157,./data/Training/notumor/Tr-no_1170.jpg,notumor
1158,./data/Training/notumor/Tr-no_1435.jpg,notumor
1159,./data/Training/notumor/Tr-no_0567.jpg,notumor
1160,./data/Training/notumor/Tr-no_0724.jpg,notumor
1161,./data/Training/notumor/Tr-no_1526.jpg,notumor
1162,./data/Training/notumor/Tr-no_0104.jpg,notumor
1163,./data/Training/notumor/Tr-no_0326.jpg,notumor
1164,./data/Training/notumor/Tr-no_1050.jpg,notumor
1165,./data/Training/notumor/Tr-no_1245.jpg,notumor
1166,./data/Training/notumor/Tr-no_0957.jpg,notumor
1167,./data/Training/notumor/Tr-no_0674.jpg,notumor
1168,./data/Training/notumor/Tr-no_0018.jpg,notumor
1169,./data/Training/notumor/Tr-no_1069.jpg,notumor
1170,./data/Training/notumor/Tr-no_1413.jpg,notumor
1171,./data/Training/notumor/Tr-no_1001.jpg,notumor
1172,./data/Training/notumor/Tr-no_0258.jpg,notumor
1173,./data/Training/notumor/Tr-no_0239.jpg,notumor
1174,./data/Training/notumor/Tr-no_0124.jpg,notumor
1175,./data/Training/notumor/Tr-no_1593.jpg,notumor
1176,./data/Training/notumor/Tr-no_0154.jpg,notumor
1177,./data/Training/notumor/Tr-no_1220.jpg,notumor
1178,./data/Training/notumor/Tr-no_0987.jpg,notumor
1179,./data/Training/notumor/Tr-no_0755.jpg,notumor
1180,./data/Training/notumor/Tr-no_1060.jpg,notumor
1181,./data/Training/notumor/Tr-no_0819.jpg,notumor
1182,./data/Training/notumor/Tr-no_0236.jpg,notumor
1183,./data/Training/notumor/Tr-no_1323.jpg,notumor
1184,./data/Training/notumor/Tr-no_1546.jpg,notumor
1185,./data/Training/notumor/Tr-no_0754.jpg,notumor
1186,./data/Training/notumor/Tr-no_1082.jpg,notumor
1187,./data/Training/notumor/Tr-no_0963.jpg,notumor
1188,./data/Training/notumor/Tr-no_1502.jpg,notumor
1189,./data/Training/notumor/Tr-no_1173.jpg,notumor
1190,./data/Training/notumor/Tr-no_1089.jpg,notumor
1191,./data/Training/notumor/Tr-no_0330.jpg,notumor
1192,./data/Training/notumor/Tr-no_1083.jpg,notumor
1193,./data/Training/notumor/Tr-no_1187.jpg,notumor
1194,./data/Training/notumor/Tr-no_0887.jpg,notumor
1195,./data/Training/notumor/Tr-no_0497.jpg,notumor
1196,./data/Training/notumor/Tr-no_0996.jpg,notumor
1197,./data/Training/notumor/Tr-no_0628.jpg,notumor
1198,./data/Training/notumor/Tr-no_1479.jpg,notumor
1199,./data/Training/notumor/Tr-no_0291.jpg,notumor
1200,./data/Training/notumor/Tr-no_0614.jpg,notumor
1201,./data/Training/notumor/Tr-no_0454.jpg,notumor
1202,./data/Training/notumor/Tr-no_0100.jpg,notumor
1203,./data/Training/notumor/Tr-no_0709.jpg,notumor
1204,./data/Training/notumor/Tr-no_1151.jpg,notumor
1205,./data/Training/notumor/Tr-no_0070.jpg,notumor
1206,./data/Training/notumor/Tr-no_0906.jpg,notumor
1207,./data/Training/notumor/Tr-no_1268.jpg,notumor
1208,./data/Training/notumor/Tr-no_0558.jpg,notumor
1209,./data/Training/notumor/Tr-no_0321.jpg,notumor
1210,./data/Training/notumor/Tr-no_0721.jpg,notumor
1211,./data/Training/notumor/Tr-no_1213.jpg,notumor
1212,./data/Training/notumor/Tr-no_0702.jpg,notumor
1213,./data/Training/notumor/Tr-no_1442.jpg,notumor
1214,./data/Training/notumor/Tr-no_0771.jpg,notumor
1215,./data/Training/notumor/Tr-no_1540.jpg,notumor
1216,./data/Training/notumor/Tr-no_0789.jpg,notumor
1217,./data/Training/notumor/Tr-no_1367.jpg,notumor
1218,./data/Training/notumor/Tr-no_0666.jpg,notumor
1219,./data/Training/notumor/Tr-no_0364.jpg,notumor
1220,./data/Training/notumor/Tr-no_1192.jpg,notumor
1221,./data/Training/notumor/Tr-no_0522.jpg,notumor
1222,./data/Training/notumor/Tr-no_1503.jpg,notumor
1223,./data/Training/notumor/Tr-no_0710.jpg,notumor
1224,./data/Training/notumor/Tr-no_0566.jpg,notumor
1225,./data/Training/notumor/Tr-no_1150.jpg,notumor
1226,./data/Training/notumor/Tr-no_1249.jpg,notumor
1227,./data/Training/notumor/Tr-no_0956.jpg,notumor
1228,./data/Training/notumor/Tr-no_1184.jpg,notumor
1229,./data/Training/notumor/Tr-no_0415.jpg,notumor
1230,./data/Training/notumor/Tr-no_0954.jpg,notumor
1231,./data/Training/notumor/Tr-no_0873.jpg,notumor
1232,./data/Training/notumor/Tr-no_0060.jpg,notumor
1233,./data/Training/notumor/Tr-no_0489.jpg,notumor
1234,./data/Training/notumor/Tr-no_0653.jpg,notumor
1235,./data/Training/notumor/Tr-no_0542.jpg,notumor
1236,./data/Training/notumor/Tr-no_0151.jpg,notumor
1237,./data/Training/notumor/Tr-no_0055.jpg,notumor
1238,./data/Training/notumor/Tr-no_1554.jpg,notumor
1239,./data/Training/notumor/Tr-no_0273.jpg,notumor
1240,./data/Training/notumor/Tr-no_0305.jpg,notumor
1241,./data/Training/notumor/Tr-no_0516.jpg,notumor
1242,./data/Training/notumor/Tr-no_0860.jpg,notumor
1243,./data/Training/notumor/Tr-no_0958.jpg,notumor
1244,./data/Training/notumor/Tr-no_0845.jpg,notumor
1245,./data/Training/notumor/Tr-no_0097.jpg,notumor
1246,./data/Training/notumor/Tr-no_0627.jpg,notumor
1247,./data/Training/notumor/Tr-no_0612.jpg,notumor
1248,./data/Training/notumor/Tr-no_0683.jpg,notumor
1249,./data/Training/notumor/Tr-no_0069.jpg,notumor
1250,./data/Training/notumor/Tr-no_0363.jpg,notumor
1251,./data/Training/notumor/Tr-no_0748.jpg,notumor
1252,./data/Training/notumor/Tr-no_1324.jpg,notumor
1253,./data/Training/notumor/Tr-no_0952.jpg,notumor
1254,./data/Training/notumor/Tr-no_1564.jpg,notumor
1255,./data/Training/notumor/Tr-no_0296.jpg,notumor
1256,./data/Training/notumor/Tr-no_0913.jpg,notumor
1257,./data/Training/notumor/Tr-no_1129.jpg,notumor
1258,./data/Training/notumor/Tr-no_0925.jpg,notumor
1259,./data/Training/notumor/Tr-no_0813.jpg,notumor
1260,./data/Training/notumor/Tr-no_0132.jpg,notumor
1261,./data/Training/notumor/Tr-no_0119.jpg,notumor
1262,./data/Training/notumor/Tr-no_1259.jpg,notumor
1263,./data/Training/notumor/Tr-no_0378.jpg,notumor
1264,./data/Training/notumor/Tr-no_1136.jpg,notumor
1265,./data/Training/notumor/Tr-no_0449.jpg,notumor
1266,./data/Training/notumor/Tr-no_0268.jpg,notumor
1267,./data/Training/notumor/Tr-no_1456.jpg,notumor
1268,./data/Training/notumor/Tr-no_1424.jpg,notumor
1269,./data/Training/notumor/Tr-no_1538.jpg,notumor
1270,./data/Training/notumor/Tr-no_0854.jpg,notumor
1271,./data/Training/notumor/Tr-no_0051.jpg,notumor
1272,./data/Training/notumor/Tr-no_0432.jpg,notumor
1273,./data/Training/notumor/Tr-no_0172.jpg,notumor
1274,./data/Training/notumor/Tr-no_0177.jpg,notumor
1275,./data/Training/notumor/Tr-no_0510.jpg,notumor
1276,./data/Training/notumor/Tr-no_0495.jpg,notumor
1277,./data/Training/notumor/Tr-no_0490.jpg,notumor
1278,./data/Training/notumor/Tr-no_0564.jpg,notumor
1279,./data/Training/notumor/Tr-no_1459.jpg,notumor
1280,./data/Training/notumor/Tr-no_1458.jpg,notumor
1281,./data/Training/notumor/Tr-no_0722.jpg,notumor
1282,./data/Training/notumor/Tr-no_0658.jpg,notumor
1283,./data/Training/notumor/Tr-no_1017.jpg,notumor
1284,./data/Training/notumor/Tr-no_1302.jpg,notumor
1285,./data/Training/notumor/Tr-no_0775.jpg,notumor
1286,./data/Training/notumor/Tr-no_1358.jpg,notumor
1287,./data/Training/notumor/Tr-no_0192.jpg,notumor
1288,./data/Training/notumor/Tr-no_1468.jpg,notumor
1289,./data/Training/notumor/Tr-no_1101.jpg,notumor
1290,./data/Training/notumor/Tr-no_1391.jpg,notumor
1291,./data/Training/notumor/Tr-no_1010.jpg,notumor
1292,./data/Training/notumor/Tr-no_1014.jpg,notumor
1293,./data/Training/notumor/Tr-no_1124.jpg,notumor
1294,./data/Training/notumor/Tr-no_0881.jpg,notumor
1295,./data/Training/notumor/Tr-no_1088.jpg,notumor
1296,./data/Training/notumor/Tr-no_1539.jpg,notumor
1297,./data/Training/notumor/Tr-no_0559.jpg,notumor
1298,./data/Training/notumor/Tr-no_1100.jpg,notumor
1299,./data/Training/notumor/Tr-no_1508.jpg,notumor
1300,./data/Training/notumor/Tr-no_1297.jpg,notumor
1301,./data/Training/notumor/Tr-no_0356.jpg,notumor
1302,./data/Training/notumor/Tr-no_0549.jpg,notumor
1303,./data/Training/notumor/Tr-no_1443.jpg,notumor
1304,./data/Training/notumor/Tr-no_0779.jpg,notumor
1305,./data/Training/notumor/Tr-no_0803.jpg,notumor
1306,./data/Training/notumor/Tr-no_1000.jpg,notumor
1307,./data/Training/notumor/Tr-no_1397.jpg,notumor
1308,./data/Training/notumor/Tr-no_1122.jpg,notumor
1309,./data/Training/notumor/Tr-no_0664.jpg,notumor
1310,./data/Training/notumor/Tr-no_1461.jpg,notumor
1311,./data/Training/notumor/Tr-no_0790.jpg,notumor
1312,./data/Training/notumor/Tr-no_0580.jpg,notumor
1313,./data/Training/notumor/Tr-no_0309.jpg,notumor
1314,./data/Training/notumor/Tr-no_0065.jpg,notumor
1315,./data/Training/notumor/Tr-no_0461.jpg,notumor
1316,./data/Training/notumor/Tr-no_1337.jpg,notumor
1317,./data/Training/notumor/Tr-no_0960.jpg,notumor
1318,./data/Training/notumor/Tr-no_0354.jpg,notumor
1319,./data/Training/notumor/Tr-no_0332.jpg,notumor
1320,./data/Training/notumor/Tr-no_0333.jpg,notumor
1321,./data/Training/notumor/Tr-no_0740.jpg,notumor
1322,./data/Training/notumor/Tr-no_1316.jpg,notumor
1323,./data/Training/notumor/Tr-no_0323.jpg,notumor
1324,./data/Training/notumor/Tr-no_1229.jpg,notumor
1325,./data/Training/notumor/Tr-no_1055.jpg,notumor
1326,./data/Training/notumor/Tr-no_0924.jpg,notumor
1327,./data/Training/notumor/Tr-no_0585.jpg,notumor
1328,./data/Training/notumor/Tr-no_0581.jpg,notumor
1329,./data/Training/notumor/Tr-no_0113.jpg,notumor
1330,./data/Training/notumor/Tr-no_0186.jpg,notumor
1331,./data/Training/notumor/Tr-no_0087.jpg,notumor
1332,./data/Training/notumor/Tr-no_0331.jpg,notumor
1333,./data/Training/notumor/Tr-no_0646.jpg,notumor
1334,./data/Training/notumor/Tr-no_0348.jpg,notumor
1335,./data/Training/notumor/Tr-no_0120.jpg,notumor
1336,./data/Training/notumor/Tr-no_0259.jpg,notumor
1337,./data/Training/notumor/Tr-noTr_0005.jpg,notumor
1338,./data/Training/notumor/Tr-no_0270.jpg,notumor
1339,./data/Training/notumor/Tr-no_0327.jpg,notumor
1340,./data/Training/notumor/Tr-no_1160.jpg,notumor
1341,./data/Training/notumor/Tr-no_1382.jpg,notumor
1342,./data/Training/notumor/Tr-no_0930.jpg,notumor
1343,./data/Training/notumor/Tr-no_0570.jpg,notumor
1344,./data/Training/notumor/Tr-no_0809.jpg,notumor
1345,./data/Training/notumor/Tr-no_1291.jpg,notumor
1346,./data/Training/notumor/Tr-no_0203.jpg,notumor
1347,./data/Training/notumor/Tr-no_1544.jpg,notumor
1348,./data/Training/notumor/Tr-no_0584.jpg,notumor
1349,./data/Training/notumor/Tr-no_0419.jpg,notumor
1350,./data/Training/notumor/Tr-no_1418.jpg,notumor
1351,./data/Training/notumor/Tr-no_0343.jpg,notumor
1352,./data/Training/notumor/Tr-no_0599.jpg,notumor
1353,./data/Training/notumor/Tr-no_0675.jpg,notumor
1354,./data/Training/notumor/Tr-no_1004.jpg,notumor
1355,./data/Training/notumor/Tr-no_0629.jpg,notumor
1356,./data/Training/notumor/Tr-no_0525.jpg,notumor
1357,./data/Training/notumor/Tr-no_1204.jpg,notumor
1358,./data/Training/notumor/Tr-no_1140.jpg,notumor
1359,./data/Training/notumor/Tr-no_0836.jpg,notumor
1360,./data/Training/notumor/Tr-no_1364.jpg,notumor
1361,./data/Training/notumor/Tr-no_1227.jpg,notumor
1362,./data/Training/notumor/Tr-no_0302.jpg,notumor
1363,./data/Training/notumor/Tr-no_0986.jpg,notumor
1364,./data/Training/notumor/Tr-no_0796.jpg,notumor
1365,./data/Training/notumor/Tr-no_0701.jpg,notumor
1366,./data/Training/notumor/Tr-no_1591.jpg,notumor
1367,./data/Training/notumor/Tr-no_1063.jpg,notumor
1368,./data/Training/notumor/Tr-no_0884.jpg,notumor
1369,./data/Training/notumor/Tr-no_1266.jpg,notumor
1370,./data/Training/notumor/Tr-no_0336.jpg,notumor
1371,./data/Training/notumor/Tr-no_0607.jpg,notumor
1372,./data/Training/notumor/Tr-no_1584.jpg,notumor
1373,./data/Training/notumor/Tr-no_0891.jpg,notumor
1374,./data/Training/notumor/Tr-no_1571.jpg,notumor
1375,./data/Training/notumor/Tr-no_1145.jpg,notumor
1376,./data/Training/notumor/Tr-no_0277.jpg,notumor
1377,./data/Training/notumor/Tr-no_0672.jpg,notumor
1378,./data/Training/notumor/Tr-no_1381.jpg,notumor
1379,./data/Training/notumor/Tr-no_0214.jpg,notumor
1380,./data/Training/notumor/Tr-no_0656.jpg,notumor
1381,./data/Training/notumor/Tr-no_1309.jpg,notumor
1382,./data/Training/notumor/Tr-no_0150.jpg,notumor
1383,./data/Training/notumor/Tr-no_1039.jpg,notumor
1384,./data/Training/notumor/Tr-no_0244.jpg,notumor
1385,./data/Training/notumor/Tr-no_0224.jpg,notumor
1386,./data/Training/notumor/Tr-no_0404.jpg,notumor
1387,./data/Training/notumor/Tr-no_0106.jpg,notumor
1388,./data/Training/notumor/Tr-no_1295.jpg,notumor
1389,./data/Training/notumor/Tr-no_1572.jpg,notumor
1390,./data/Training/notumor/Tr-no_0540.jpg,notumor
1391,./data/Training/notumor/Tr-no_0742.jpg,notumor
1392,./data/Training/notumor/Tr-no_1378.jpg,notumor
1393,./data/Training/notumor/Tr-no_0037.jpg,notumor
1394,./data/Training/notumor/Tr-no_1488.jpg,notumor
1395,./data/Training/notumor/Tr-no_1035.jpg,notumor
1396,./data/Training/notumor/Tr-no_1048.jpg,notumor
1397,./data/Training/notumor/Tr-no_0652.jpg,notumor
1398,./data/Training/notumor/Tr-no_0968.jpg,notumor
1399,./data/Training/notumor/Tr-no_0736.jpg,notumor
1400,./data/Training/notumor/Tr-no_1290.jpg,notumor
1401,./data/Training/notumor/Tr-no_1155.jpg,notumor
1402,./data/Training/notumor/Tr-no_0289.jpg,notumor
1403,./data/Training/notumor/Tr-no_1283.jpg,notumor
1404,./data/Training/notumor/Tr-no_0883.jpg,notumor
1405,./data/Training/notumor/Tr-no_0067.jpg,notumor
1406,./data/Training/notumor/Tr-no_0251.jpg,notumor
1407,./data/Training/notumor/Tr-no_0874.jpg,notumor
1408,./data/Training/notumor/Tr-no_1464.jpg,notumor
1409,./data/Training/notumor/Tr-no_1231.jpg,notumor
1410,./data/Training/notumor/Tr-no_0981.jpg,notumor
1411,./data/Training/notumor/Tr-no_0562.jpg,notumor
1412,./data/Training/notumor/Tr-no_0138.jpg,notumor
1413,./data/Training/notumor/Tr-no_0491.jpg,notumor
1414,./data/Training/notumor/Tr-no_0577.jpg,notumor
1415,./data/Training/notumor/Tr-no_0017.jpg,notumor
1416,./data/Training/notumor/Tr-no_1242.jpg,notumor
1417,./data/Training/notumor/Tr-no_1513.jpg,notumor
1418,./data/Training/notumor/Tr-no_1573.jpg,notumor
1419,./data/Training/notumor/Tr-no_0552.jpg,notumor
1420,./data/Training/notumor/Tr-no_0068.jpg,notumor
1421,./data/Training/notumor/Tr-no_0441.jpg,notumor
1422,./data/Training/notumor/Tr-no_1485.jpg,notumor
1423,./data/Training/notumor/Tr-no_0047.jpg,notumor
1424,./data/Training/notumor/Tr-no_0084.jpg,notumor
1425,./data/Training/notumor/Tr-no_0433.jpg,notumor
1426,./data/Training/notumor/Tr-no_0338.jpg,notumor
1427,./data/Training/notumor/Tr-no_0223.jpg,notumor
1428,./data/Training/notumor/Tr-no_0114.jpg,notumor
1429,./data/Training/notumor/Tr-no_0696.jpg,notumor
1430,./data/Training/notumor/Tr-no_1379.jpg,notumor
1431,./data/Training/notumor/Tr-no_1112.jpg,notumor
1432,./data/Training/notumor/Tr-no_1467.jpg,notumor
1433,./data/Training/notumor/Tr-no_1061.jpg,notumor
1434,./data/Training/notumor/Tr-no_0745.jpg,notumor
1435,./data/Training/notumor/Tr-no_1566.jpg,notumor
1436,./data/Training/notumor/Tr-no_0633.jpg,notumor
1437,./data/Training/notumor/Tr-no_0889.jpg,notumor
1438,./data/Training/notumor/Tr-no_0108.jpg,notumor
1439,./data/Training/notumor/Tr-no_0101.jpg,notumor
1440,./data/Training/notumor/Tr-no_0528.jpg,notumor
1441,./data/Training/notumor/Tr-no_1018.jpg,notumor
1442,./data/Training/notumor/Tr-no_1054.jpg,notumor
1443,./data/Training/notumor/Tr-no_1059.jpg,notumor
1444,./data/Training/notumor/Tr-no_1445.jpg,notumor
1445,./data/Training/notumor/Tr-no_1019.jpg,notumor
1446,./data/Training/notumor/Tr-no_0767.jpg,notumor
1447,./data/Training/notumor/Tr-no_0109.jpg,notumor
1448,./data/Training/notumor/Tr-no_0401.jpg,notumor
1449,./data/Training/notumor/Tr-no_1451.jpg,notumor
1450,./data/Training/notumor/Tr-no_0257.jpg,notumor
1451,./data/Training/notumor/Tr-no_0304.jpg,notumor
1452,./data/Training/notumor/Tr-no_0910.jpg,notumor
1453,./data/Training/notumor/Tr-no_0184.jpg,notumor
1454,./data/Training/notumor/Tr-no_0527.jpg,notumor
1455,./data/Training/notumor/Tr-no_1095.jpg,notumor
1456,./data/Training/notumor/Tr-no_0839.jpg,notumor
1457,./data/Training/notumor/Tr-no_1349.jpg,notumor
1458,./data/Training/notumor/Tr-no_0353.jpg,notumor
1459,./data/Training/notumor/Tr-no_1372.jpg,notumor
1460,./data/Training/notumor/Tr-no_0092.jpg,notumor
1461,./data/Training/notumor/Tr-no_0134.jpg,notumor
1462,./data/Training/notumor/Tr-no_1557.jpg,notumor
1463,./data/Training/notumor/Tr-no_0718.jpg,notumor
1464,./data/Training/notumor/Tr-no_0446.jpg,notumor
1465,./data/Training/notumor/Tr-no_1411.jpg,notumor
1466,./data/Training/notumor/Tr-no_0616.jpg,notumor
1467,./data/Training/notumor/Tr-no_1016.jpg,notumor
1468,./data/Training/notumor/Tr-no_0827.jpg,notumor
1469,./data/Training/notumor/Tr-no_0139.jpg,notumor
1470,./data/Training/notumor/Tr-no_0147.jpg,notumor
1471,./data/Training/notumor/Tr-no_0806.jpg,notumor
1472,./data/Training/notumor/Tr-no_0399.jpg,notumor
1473,./data/Training/notumor/Tr-no_0932.jpg,notumor
1474,./data/Training/notumor/Tr-no_0733.jpg,notumor
1475,./data/Training/notumor/Tr-no_0904.jpg,notumor
1476,./data/Training/notumor/Tr-no_0882.jpg,notumor
1477,./data/Training/notumor/Tr-no_1200.jpg,notumor
1478,./data/Training/notumor/Tr-no_0133.jpg,notumor
1479,./data/Training/notumor/Tr-no_0487.jpg,notumor
1480,./data/Training/notumor/Tr-no_0799.jpg,notumor
1481,./data/Training/notumor/Tr-no_0900.jpg,notumor
1482,./data/Training/notumor/Tr-no_1028.jpg,notumor
1483,./data/Training/notumor/Tr-no_0439.jpg,notumor
1484,./data/Training/notumor/Tr-no_0907.jpg,notumor
1485,./data/Training/notumor/Tr-no_0843.jpg,notumor
1486,./data/Training/notumor/Tr-no_1331.jpg,notumor
1487,./data/Training/notumor/Tr-no_0651.jpg,notumor
1488,./data/Training/notumor/Tr-no_0350.jpg,notumor
1489,./data/Training/notumor/Tr-no_0521.jpg,notumor
1490,./data/Training/notumor/Tr-no_0459.jpg,notumor
1491,./data/Training/notumor/Tr-no_0422.jpg,notumor
1492,./data/Training/notumor/Tr-no_0899.jpg,notumor
1493,./data/Training/notumor/Tr-no_1292.jpg,notumor
1494,./data/Training/notumor/Tr-no_0520.jpg,notumor
1495,./data/Training/notumor/Tr-no_0329.jpg,notumor
1496,./data/Training/notumor/Tr-no_1448.jpg,notumor
1497,./data/Training/notumor/Tr-no_0035.jpg,notumor
1498,./data/Training/notumor/Tr-no_0765.jpg,notumor
1499,./data/Training/notumor/Tr-no_1486.jpg,notumor
1500,./data/Training/notumor/Tr-no_0358.jpg,notumor
1501,./data/Training/notumor/Tr-no_0408.jpg,notumor
1502,./data/Training/notumor/Tr-no_1219.jpg,notumor
1503,./data/Training/notumor/Tr-no_0668.jpg,notumor
1504,./data/Training/notumor/Tr-no_0747.jpg,notumor
1505,./data/Training/notumor/Tr-no_1453.jpg,notumor
1506,./data/Training/notumor/Tr-no_1169.jpg,notumor
1507,./data/Training/notumor/Tr-no_1013.jpg,notumor
1508,./data/Training/notumor/Tr-no_1280.jpg,notumor
1509,./data/Training/notumor/Tr-no_0116.jpg,notumor
1510,./data/Training/notumor/Tr-no_0511.jpg,notumor
1511,./data/Training/notumor/Tr-no_0140.jpg,notumor
1512,./data/Training/notumor/Tr-no_1198.jpg,notumor
1513,./data/Training/notumor/Tr-no_1419.jpg,notumor
1514,./data/Training/notumor/Tr-no_0847.jpg,notumor
1515,./data/Training/notumor/Tr-no_0041.jpg,notumor
1516,./data/Training/notumor/Tr-no_0199.jpg,notumor
1517,./data/Training/notumor/Tr-no_0468.jpg,notumor
1518,./data/Training/notumor/Tr-no_1205.jpg,notumor
1519,./data/Training/notumor/Tr-no_0591.jpg,notumor
1520,./data/Training/notumor/Tr-no_0933.jpg,notumor
1521,./data/Training/notumor/Tr-no_0579.jpg,notumor
1522,./data/Training/notumor/Tr-no_0659.jpg,notumor
1523,./data/Training/notumor/Tr-no_1515.jpg,notumor
1524,./data/Training/notumor/Tr-no_1306.jpg,notumor
1525,./data/Training/notumor/Tr-no_0373.jpg,notumor
1526,./data/Training/notumor/Tr-no_0235.jpg,notumor
1527,./data/Training/notumor/Tr-no_1223.jpg,notumor
1528,./data/Training/notumor/Tr-no_0389.jpg,notumor
1529,./data/Training/notumor/Tr-no_1517.jpg,notumor
1530,./data/Training/notumor/Tr-no_0782.jpg,notumor
1531,./data/Training/notumor/Tr-no_0278.jpg,notumor
1532,./data/Training/notumor/Tr-no_0015.jpg,notumor
1533,./data/Training/notumor/Tr-no_0201.jpg,notumor
1534,./data/Training/notumor/Tr-no_0367.jpg,notumor
1535,./data/Training/notumor/Tr-no_0152.jpg,notumor
1536,./data/Training/notumor/Tr-no_1106.jpg,notumor
1537,./data/Training/notumor/Tr-no_0300.jpg,notumor
1538,./data/Training/notumor/Tr-no_1495.jpg,notumor
1539,./data/Training/notumor/Tr-no_0923.jpg,notumor
1540,./data/Training/notumor/Tr-no_1312.jpg,notumor
1541,./data/Training/notumor/Tr-no_0993.jpg,notumor
1542,./data/Training/notumor/Tr-no_0817.jpg,notumor
1543,./data/Training/notumor/Tr-no_1267.jpg,notumor
1544,./data/Training/notumor/Tr-no_0318.jpg,notumor
1545,./data/Training/notumor/Tr-no_1098.jpg,notumor
1546,./data/Training/notumor/Tr-no_1522.jpg,notumor
1547,./data/Training/notumor/Tr-no_1580.jpg,notumor
1548,./data/Training/notumor/Tr-no_1199.jpg,notumor
1549,./data/Training/notumor/Tr-no_0506.jpg,notumor
1550,./data/Training/notumor/Tr-no_1079.jpg,notumor
1551,./data/Training/notumor/Tr-no_0425.jpg,notumor
1552,./data/Training/notumor/Tr-no_0090.jpg,notumor
1553,./data/Training/notumor/Tr-no_0743.jpg,notumor
1554,./data/Training/notumor/Tr-no_0544.jpg,notumor
1555,./data/Training/notumor/Tr-no_0395.jpg,notumor
1556,./data/Training/notumor/Tr-no_1431.jpg,notumor
1557,./data/Training/notumor/Tr-no_0723.jpg,notumor
1558,./data/Training/notumor/Tr-no_1509.jpg,notumor
1559,./data/Training/notumor/Tr-no_0600.jpg,notumor
1560,./data/Training/notumor/Tr-no_0402.jpg,notumor
1561,./data/Training/notumor/Tr-no_0759.jpg,notumor
1562,./data/Training/notumor/Tr-no_0143.jpg,notumor
1563,./data/Training/notumor/Tr-no_0618.jpg,notumor
1564,./data/Training/notumor/Tr-no_1271.jpg,notumor
1565,./data/Training/notumor/Tr-no_1084.jpg,notumor
1566,./data/Training/notumor/Tr-no_1334.jpg,notumor
1567,./data/Training/notumor/Tr-no_0161.jpg,notumor
1568,./data/Training/notumor/Tr-no_0265.jpg,notumor
1569,./data/Training/notumor/Tr-no_0536.jpg,notumor
1570,./data/Training/notumor/Tr-no_1298.jpg,notumor
1571,./data/Training/notumor/Tr-no_0121.jpg,notumor
1572,./data/Training/notumor/Tr-no_0940.jpg,notumor
1573,./data/Training/notumor/Tr-no_0488.jpg,notumor
1574,./data/Training/notumor/Tr-no_0943.jpg,notumor
1575,./data/Training/notumor/Tr-no_0859.jpg,notumor
1576,./data/Training/notumor/Tr-no_0606.jpg,notumor
1577,./data/Training/notumor/Tr-no_0919.jpg,notumor
1578,./data/Training/notumor/Tr-no_1172.jpg,notumor
1579,./data/Training/notumor/Tr-no_0879.jpg,notumor
1580,./data/Training/notumor/Tr-no_1047.jpg,notumor
1581,./data/Training/notumor/Tr-no_1521.jpg,notumor
1582,./data/Training/notumor/Tr-no_1310.jpg,notumor
1583,./data/Training/notumor/Tr-no_0531.jpg,notumor
1584,./data/Training/notumor/Tr-no_0610.jpg,notumor
1585,./data/Training/notumor/Tr-no_1406.jpg,notumor
1586,./data/Training/notumor/Tr-no_0575.jpg,notumor
1587,./data/Training/notumor/Tr-no_0019.jpg,notumor
1588,./data/Training/notumor/Tr-no_1177.jpg,notumor
1589,./data/Training/notumor/Tr-no_0267.jpg,notumor
1590,./data/Training/notumor/Tr-no_1294.jpg,notumor
1591,./data/Training/notumor/Tr-no_0970.jpg,notumor
1592,./data/Training/notumor/Tr-no_1371.jpg,notumor
1593,./data/Training/notumor/Tr-no_0233.jpg,notumor
1594,./data/Training/notumor/Tr-no_1481.jpg,notumor
